date,000016.XSHG,000905.XSHG,000300.XSHG,399673.XSHE
2015/1/5,2649.64,5417.02,3641.54,1405.92
2015/1/6,2629.4,5479.86,3641.06,1486.42
2015/1/7,2635.23,5488.24,3643.79,1468.71
2015/1/8,2558.11,5444.04,3559.26,1490.81
2015/1/9,2569.02,5409.06,3546.72,1503.31
2015/1/12,2543.85,5332.22,3513.58,1540.04
2015/1/13,2527.83,5405.09,3514.04,1552.01
2015/1/14,2534.23,5379.74,3502.42,1540.92
2015/1/15,2632.89,5449.04,3604.12,1544.68
2015/1/16,2653.03,5520.12,3635.15,1607.68
2015/1/19,2410.2,5281.9,3355.16,1592.76
2015/1/20,2403.72,5472.51,3396.22,1663.13
2015/1/21,2542.32,5611.69,3548.89,1681.16
2015/1/22,2544.31,5690.16,3567.61,1702.43
2015/1/23,2564.51,5633.29,3571.73,1649.34
2015/1/26,2562.36,5758.98,3607.99,1696.57
2015/1/27,2522.1,5773.82,3574.93,1695.23
2015/1/28,2486.28,5739.92,3525.32,1679.1
2015/1/29,2442.04,5701.2,3481.8,1659.95
2015/1/30,2405.38,5632.73,3434.39,1625.94
2015/2/2,2332.53,5609.39,3353.96,1648.01
2015/2/3,2405.76,5707.48,3437.45,1706.7
2015/2/4,2372.45,5683.52,3401.77,1717.25
2015/2/5,2348.92,5654.22,3366.95,1739.08
2015/2/6,2325.24,5534.78,3312.42,1686.46
2015/2/9,2366.77,5504.97,3345.92,1660.88
2015/2/10,2403.55,5580.7,3406.94,1708.96
2015/2/11,2415.13,5641.79,3434.12,1733.54
2015/2/12,2416.45,5681.34,3442.87,1746.3
2015/2/13,2427.47,5769.27,3469.83,1785.65
2015/2/16,2431.21,5869.71,3499.48,1869.56
2015/2/17,2445.26,5911.1,3522.32,1864.52
2015/2/25,2407.46,5906.54,3478.73,1844.64
2015/2/26,2478.06,5969.56,3566.3,1849.09
2015/2/27,2474.59,6018.46,3572.84,1895.68
2015/3/2,2479.24,6139.79,3601.26,1949.56
2015/3/3,2396.8,6118.66,3507.9,1914.18
2015/3/4,2397.99,6210.42,3530.82,1957.48
2015/3/5,2366.9,6208.99,3496.34,1961.62
2015/3/6,2371.62,6133.03,3478.52,1900.62
2015/3/9,2429.87,6212.24,3537.75,1949.08
2015/3/10,2395.43,6276.48,3520.61,2009.72
2015/3/11,2408.5,6262.89,3524.65,1995.9
2015/3/12,2485.11,6260.14,3592.84,1982.04
2015/3/13,2495.28,6329.58,3617.66,2032.74
2015/3/16,2550.86,6516.77,3705.67,2103.15
2015/3/17,2583.2,6618.05,3757.12,2091.01
2015/3/18,2649.64,6728.07,3846.05,2128.91
2015/3/19,2630.24,6782.46,3839.74,2123.01
2015/3/20,2680.68,6850.9,3892.57,2146.61
2015/3/23,2720.67,7017.15,3972.06,2220.43
2015/3/24,2683.65,7046.12,3973.05,2292.18
2015/3/25,2649.16,7124.87,3940.41,2312.03
2015/3/26,2687.76,7074.44,3950,2209.65
2015/3/27,2689.24,7155.94,3971.7,2244.56
2015/3/30,2784.46,7245.5,4088.18,2218.59
2015/3/31,2754.66,7253.1,4051.2,2253.39
2015/4/1,2799.45,7425.73,4123.9,2315.51
2015/4/2,2781.64,7560.65,4124.78,2385.01
2015/4/3,2817.18,7679.01,4170.54,2411.82
2015/4/7,2889.45,7863.28,4260.04,2460.91
2015/4/8,2952.08,7808,4295.8,2392.88
2015/4/9,2931.77,7746.15,4262.14,2395.46
2015/4/10,2986.61,7952.19,4344.42,2445.45
2015/4/13,3041.13,8122.89,4421.07,2462.74
2015/4/14,3052.41,8119.96,4438.18,2430.91
2015/4/15,3053.3,7802.75,4380.51,2322.87
2015/4/16,3183.3,7912.09,4513.55,2369.37
2015/4/17,3235.33,7980.76,4596.14,2356.36
2015/4/20,3164.46,7839.9,4521.92,2334.6
2015/4/21,3214.36,8112.69,4619.16,2479.23
2015/4/22,3299.22,8323.43,4739.81,2541.26
2015/4/23,3273.4,8410.7,4740.89,2621.63
2015/4/24,3223.96,8419.09,4702.64,2662.77
2015/4/27,3308.45,8513.02,4807.59,2681.65
2015/4/28,3282.33,8266.48,4741.86,2641.91
2015/4/29,3283.28,8428.25,4774.33,2766.93
2015/4/30,3250.49,8469.67,4749.89,2831.21
2015/5/4,3272.01,8510.48,4787.74,2812.99
2015/5/5,3148.81,8199.34,4596.84,2746.13
2015/5/6,3139.02,8083,4553.33,2811.79
2015/5/7,3094.88,7903.48,4470.09,2758.35
2015/5/8,3110.45,8201.29,4558.4,2929.48
2015/5/11,3169.13,8558.22,4690.53,3116.05
2015/5/12,3188.31,8745.68,4747.42,3231.53
2015/5/13,3141.3,8824.93,4718.44,3168.97
2015/5/14,3128.57,8813.39,4700.78,3091.69
2015/5/15,3060.41,8742.89,4617.47,3086.62
2015/5/18,2998.39,8903.59,4575.14,3220.25
2015/5/19,3116.09,9124.83,4731.22,3242.71
2015/5/20,3122.85,9277.33,4754.92,3324.54
2015/5/21,3150.9,9619.22,4840.98,3441.95
2015/5/22,3248.86,9778.17,4951.34,3436.27
2015/5/25,3349.95,10040.09,5099.49,3378.05
2015/5/26,3386.59,10373.58,5198.92,3521.41
2015/5/27,3344.74,10497.34,5181.43,3500.98
2015/5/28,3124.62,9868.42,4834.01,3294.84
2015/5/29,3111.33,9966.84,4840.83,3393.59
2015/6/1,3244.32,10488.31,5076.18,3565.25
2015/6/2,3258.31,10886.4,5161.87,3754.43
2015/6/3,3238.43,10979.99,5143.59,3871.4
2015/6/4,3299.03,10965.41,5181.42,3852.03
2015/6/5,3303.99,11144.52,5230.55,3753.9
2015/6/8,3458.71,11030.92,5353.75,3587.36
2015/6/9,3414,11013.74,5317.46,3591.67
2015/6/10,3370.38,11208.06,5309.11,3721.22
2015/6/11,3347.12,11366.29,5306.59,3730.06
2015/6/12,3350.25,11545.89,5335.11,3768.26
2015/6/15,3262.48,11332.89,5221.17,3547.16
2015/6/16,3179.65,10879.84,5064.82,3460.68
2015/6/17,3211.71,11100.55,5138.83,3625.71
2015/6/18,3068.49,10731.38,4930.55,3371.02
2015/6/19,2903.06,9987.41,4637.05,3169.33
2015/6/23,3003.16,10046.88,4786.09,3264.57
2015/6/24,3045.24,10267.63,4880.13,3246.32
2015/6/25,2943.99,9906.1,4706.52,3069.78
2015/6/26,2736.7,9078.07,4336.19,2772.76
2015/6/29,2678.37,8484.64,4191.55,2537.61
2015/6/30,2870.03,8906.02,4473,2717.21
2015/7/1,2736.85,8411.91,4253.02,2610.52
2015/7/2,2714.25,7835.1,4108,2513.96
2015/7/3,2582.27,7355.49,3885.92,2490.4
2015/7/6,2750,7236,3998.54,2379.21
2015/7/7,2812.45,6763.53,3928,2217.92
2015/7/8,2608.98,6602.37,3663.04,2231.87
2015/7/9,2781.08,6896.35,3897.63,2314.32
2015/7/10,2898.41,7244.78,4106.56,2430.6
2015/7/13,2869.05,7695.64,4211.81,2589.44
2015/7/14,2763.07,7859.06,4112.15,2621.46
2015/7/15,2757.95,7405.3,3966.76,2478.05
2015/7/16,2742.85,7578.76,3997.36,2519.37
2015/7/17,2807.07,7994.7,4151.5,2687.62
2015/7/20,2783.76,8116.5,4160.61,2740.14
2015/7/21,2772.77,8220.46,4166.01,2757.28
2015/7/22,2739.79,8320.24,4157.16,2766.52
2015/7/23,2790.76,8551.99,4250.81,2834.53
2015/7/24,2741.04,8425.07,4176.28,2751.52
2015/7/27,2493.29,7794.18,3818.73,2535.09
2015/7/28,2485.67,7649.82,3811.09,2442.51
2015/7/29,2531.45,8022.8,3930.38,2565.92
2015/7/30,2467.37,7800.58,3815.41,2435.77
2015/7/31,2461.24,7727.06,3816.7,2432.13
2015/8/3,2479.72,7540.2,3829.24,2296.58
2015/8/4,2534.71,7942.1,3948.16,2442.47
2015/8/5,2487.06,7839.34,3866.9,2381.25
2015/8/6,2467.53,7792.03,3831.85,2355.6
2015/8/7,2503.8,8013.32,3906.95,2448.09
2015/8/10,2617.66,8394.09,4084.36,2573.13
2015/8/11,2590.71,8435.33,4066.67,2564.52
2015/8/12,2561.13,8336.34,4016.13,2492.61
2015/8/13,2580.78,8534.43,4075.46,2554.45
2015/8/14,2577.04,8625.24,4073.54,2530.15
2015/8/17,2550.47,8820.46,4077.87,2507.25
2015/8/18,2407.97,8161.27,3825.41,2363.63
2015/8/19,2430.28,8340.98,3886.14,2435.15
2015/8/20,2356.92,8049.51,3761.45,2370.09
2015/8/21,2271.36,7612.9,3589.54,2211.19
2015/8/24,2058.25,7006.19,3275.53,2033.05
2015/8/25,1914.05,6481.41,3042.93,1879.45
2015/8/26,1942.45,6238.53,3025.69,1780.33
2015/8/27,2094.72,6456.06,3205.64,1849.3
2015/8/28,2159.96,6842.89,3342.29,1962.44
2015/8/31,2210.45,6581.31,3366.54,1885.53
2015/9/1,2230.32,6169.21,3362.08,1803.13
2015/9/2,2243.63,6122.55,3365.83,1783.11
2015/9/7,2133.98,6143.56,3250.49,1816.12
2015/9/8,2180.13,6374.85,3334.02,1918.32
2015/9/9,2211.2,6551.01,3399.3,1984.25
2015/9/10,2208.48,6440.31,3357.56,1950.12
2015/9/11,2195.39,6493.32,3347.19,1971.05
2015/9/14,2228.15,6049.79,3281.13,1818.88
2015/9/15,2175.17,5708.03,3152.23,1707.87
2015/9/16,2241.95,6084.84,3309.25,1835.35
2015/9/17,2194.82,5965.41,3237,1835.67
2015/9/18,2198.99,6036.88,3251.27,1893.25
2015/9/21,2214.45,6250.44,3308.25,1989.01
2015/9/22,2237.31,6295.93,3339.03,1987.09
2015/9/23,2178.55,6224.6,3263.03,1992.03
2015/9/24,2188.09,6315.11,3285,2026.03
2015/9/25,2183.4,6108.38,3231.95,1949.77
2015/9/28,2169.94,6219.69,3242.75,2045.08
2015/9/29,2127.2,6103.61,3178.85,2021.07
2015/9/30,2146.12,6123.73,3202.95,2002.07
2015/10/8,2191.34,6372.49,3296.48,2101.29
2015/10/9,2219.29,6470.05,3340.12,2123.52
2015/10/12,2283.43,6718.72,3447.69,2215.92
2015/10/13,2270.95,6802.08,3445.04,2237.96
2015/10/14,2253.91,6724.5,3406.11,2206.16
2015/10/15,2297.9,6929.24,3486.82,2304.08
2015/10/16,2323.78,7047.56,3534.07,2359.79
2015/10/19,2318.47,7047.37,3534.18,2346.24
2015/10/20,2337.08,7162.07,3577.7,2424.25
2015/10/21,2340.36,6712.74,3473.25,2265.73
2015/10/22,2331.79,6964.3,3524.53,2370.15
2015/10/23,2343.97,7138.23,3571.24,2454.36
2015/10/26,2350.02,7186.76,3589.26,2445.2
2015/10/27,2349.9,7231.44,3592.88,2490.76
2015/10/28,2310.7,7048.9,3524.92,2413.55
2015/10/29,2307.34,7108.98,3533.31,2415.01
2015/10/30,2312.97,7084.97,3534.08,2400.11
2015/11/2,2280.09,6936.43,3475.96,2351.44
2015/11/3,2271.65,6920.1,3465.49,2350.34
2015/11/4,2370.5,7267.99,3628.54,2500.03
2015/11/5,2440.65,7276.45,3705.97,2489.56
2015/11/6,2493.48,7446.85,3793.37,2581.94
2015/11/9,2534.08,7543.8,3840.36,2638.33
2015/11/10,2522.68,7575.01,3833.24,2666.7
2015/11/11,2505.83,7684.67,3833.65,2716.2
2015/11/12,2476.43,7682.45,3795.32,2671.51
2015/11/13,2447.77,7567.11,3746.24,2607.54
2015/11/16,2447.29,7718.85,3764.13,2698.84
2015/11/17,2453.26,7650.38,3758.39,2618.35
2015/11/18,2439.45,7526.94,3715.58,2568.93
2015/11/19,2468.49,7718.62,3774.97,2673.99
2015/11/20,2466.76,7806.27,3774.38,2685.26
2015/11/23,2456.84,7744.18,3753.34,2661.57
2015/11/24,2447.9,7798.5,3753.89,2699.06
2015/11/25,2459.56,7922.38,3781.61,2769.89
2015/11/26,2450.96,7874.08,3759.43,2691.24
2015/11/27,2334.44,7376.12,3556.99,2520.64
2015/11/30,2336.29,7408.4,3566.41,2544.23
2015/12/1,2344.83,7443.94,3591.7,2540.54
2015/12/2,2458.41,7405.86,3721.95,2511.32
2015/12/3,2461.45,7570.51,3749.3,2606.06
2015/12/4,2397.56,7511.68,3677.59,2588.16
2015/12/7,2395.58,7602.23,3687.61,2640.37
2015/12/8,2364.34,7404.14,3623.02,2597.43
2015/12/9,2369.74,7374.27,3635.94,2569.08
2015/12/10,2357.21,7350.21,3623.08,2598.07
2015/12/11,2342.45,7290.7,3608.06,2571.55
2015/12/14,2414.92,7441.03,3711.32,2616.44
2015/12/15,2383.83,7498.18,3694.39,2645.14
2015/12/16,2376.53,7529.4,3685.44,2655.11
2015/12/17,2408.32,7716.25,3755.89,2720.64
2015/12/18,2422.84,7699.37,3767.91,2720.44
2015/12/21,2500.06,7788.56,3865.97,2720.42
2015/12/22,2496.05,7856.61,3876.73,2729.72
2015/12/23,2503.06,7773.28,3866.38,2672.01
2015/12/24,2481.75,7753.04,3829.4,2684.15
2015/12/25,2492.34,7792.12,3838.2,2681.54
2015/12/28,2411.41,7603.36,3727.63,2632.66
2015/12/29,2432.88,7674.39,3761.88,2644.68
2015/12/30,2432.77,7741.05,3765.18,2663.5
2015/12/31,2420.8,7617.69,3731.01,2596.07
2016/1/4,2270.46,6983.4,3469.07,2385.39
2016/1/5,2288.11,6889.74,3478.78,2319.52
2016/1/6,2317.65,7065.61,3539.81,2365.68
2016/1/7,2180.59,6462.24,3294.38,2166.16
2016/1/8,2219.61,6570.43,3361.56,2157.01
2016/1/11,2120.23,6128.66,3192.45,2028.78
2016/1/12,2131.37,6136.66,3215.71,2066.99
2016/1/13,2105.51,5924.04,3155.88,1981.38
2016/1/14,2132.08,6124.82,3221.57,2093.75
2016/1/15,2070.93,5893.68,3118.73,2033.88
2016/1/18,2069.27,5978.91,3130.73,2096.91
2016/1/19,2128.57,6197.09,3223.13,2155.34
2016/1/20,2088.72,6138.5,3174.38,2115.68
2016/1/21,2040.98,5886.88,3081.35,2025.82
2016/1/22,2061.96,5980.61,3113.46,2071.3
2016/1/25,2065.44,6041.33,3128.89,2081.1
2016/1/26,1951.61,5589.31,2940.51,1917.47
2016/1/27,1953.46,5514.19,2930.35,1936.41
2016/1/28,1912.72,5271.23,2853.76,1848.14
2016/1/29,1973.01,5469.13,2946.09,1932.69
2016/2/1,1937.07,5399.48,2901.05,1926.9
2016/2/2,1969.62,5586.63,2961.33,2005.19
2016/2/3,1952.37,5610.17,2948.64,2017.12
2016/2/4,1974.24,5721.49,2984.76,2054.18
2016/2/5,1967.26,5664.2,2963.79,2019.44
2016/2/15,1948.28,5668.04,2946.71,2037.84
2016/2/16,2000.9,5902.53,3037.04,2121.47
2016/2/17,2014.44,5971.41,3063.32,2129.45
2016/2/18,2009.27,5957.13,3053.7,2105.84
2016/2/19,2004.11,5979.52,3051.59,2127.29
2016/2/22,2053.86,6103.72,3118.87,2156.37
2016/2/23,2029.52,6070.5,3089.36,2123.84
2016/2/24,2041.39,6111.04,3109.55,2112.74
2016/2/25,1932.6,5626.05,2918.75,1949.24
2016/2/26,1955.4,5648.94,2948.03,1923.02
2016/2/29,1944.61,5350.43,2877.47,1780.99
2016/3/1,1973.19,5473.63,2930.69,1830.91
2016/3/2,2043.41,5753.15,3051.33,1906.77
2016/3/3,2053.27,5776.98,3058.42,1902.83
2016/3/4,2122.27,5621.56,3093.89,1803.82
2016/3/7,2107.67,5752.55,3104.84,1851.27
2016/3/8,2115.16,5764.33,3107.67,1898.85
2016/3/9,2111.92,5617.04,3071.91,1872.01
2016/3/10,2061.45,5521.95,3013.15,1838.73
2016/3/11,2070.72,5508.98,3018.28,1835.61
2016/3/14,2078.41,5690.59,3065.69,1921.25
2016/3/15,2101.12,5639.8,3074.78,1894.8
2016/3/16,2136.13,5562.8,3090.03,1879.77
2016/3/17,2131.48,5745.98,3124.2,1983.04
2016/3/18,2141.18,5949.26,3171.96,2073.17
2016/3/21,2193.39,6099.48,3249.44,2125.67
2016/3/22,2173.26,6075.49,3225.79,2114.8
2016/3/23,2175.28,6118.97,3236.09,2151.52
2016/3/24,2137.59,6018.42,3181.85,2112.51
2016/3/25,2149.2,6077.43,3197.82,2110.85
2016/3/28,2123.03,6037.78,3169.73,2094.67
2016/3/29,2106.86,5921.87,3135.41,2057.98
2016/3/30,2157.53,6137.5,3216.28,2145.38
2016/3/31,2156.54,6155.81,3218.09,2137.42
2016/4/1,2167.78,6124.53,3221.89,2109.51
2016/4/5,2180.26,6286.58,3264.49,2183.32
2016/4/6,2168.04,6323.43,3257.53,2200.8
2016/4/7,2139.4,6228.97,3209.29,2154.93
2016/4/8,2123.8,6168.74,3185.73,2138.01
2016/4/11,2148.44,6304.3,3230.1,2181.96
2016/4/12,2143.9,6252.77,3218.45,2166.97
2016/4/13,2171.32,6344.23,3261.38,2197.21
2016/4/14,2178.87,6401.85,3275.83,2233.88
2016/4/15,2182.07,6384.35,3272.21,2214.58
2016/4/18,2158.23,6281.2,3228.45,2176.51
2016/4/19,2163.61,6308.23,3238.3,2182.14
2016/4/20,2154.89,6022.21,3181.03,2063.01
2016/4/21,2147.72,5970.68,3160.6,2027.22
2016/4/22,2157.72,6011.32,3174.9,2050.08
2016/4/25,2148.28,5978.08,3162.03,2038.89
2016/4/26,2155.79,6046.77,3179.16,2065.96
2016/4/27,2145.38,6016.7,3165.92,2061.39
2016/4/28,2142.06,5990.33,3160.58,2074.05
2016/4/29,2135.51,5985.59,3156.75,2058.21
2016/5/3,2158.27,6167.45,3213.54,2131.98
2016/5/4,2152.93,6169.78,3209.46,2122.79
2016/5/5,2152.88,6203.82,3213.92,2134.49
2016/5/6,2107.01,5961.49,3130.35,2040.15
2016/5/9,2072.47,5743.65,3065.62,1973.41
2016/5/10,2072.38,5738.9,3069.11,1973.29
2016/5/11,2078.41,5723.41,3082.81,1944.78
2016/5/12,2084.84,5726.46,3090.14,1941.28
2016/5/13,2076.19,5714.31,3074.94,1933.04
2016/5/16,2082.62,5812.54,3095.31,1958.72
2016/5/17,2075.47,5790.34,3086.02,1984.36
2016/5/18,2078.76,5631.19,3068.04,1929.91
2016/5/19,2073.8,5666.73,3062.5,1950.68
2016/5/20,2083.12,5732.9,3078.22,1979.65
2016/5/23,2082.41,5809.48,3087.22,2004.51
2016/5/24,2066.64,5743.18,3063.56,1986.76
2016/5/25,2071.91,5715.18,3059.23,1981.91
2016/5/26,2076.14,5744.39,3064.21,1999.82
2016/5/27,2074.92,5739.59,3062.5,1981.88
2016/5/30,2092.16,5711.32,3066.71,1971.56
2016/5/31,2155.66,5947.32,3169.56,2068.74
2016/6/1,2138.96,5973.78,3160.55,2071.02
2016/6/2,2137.65,6013.89,3167.1,2089.32
2016/6/3,2152.64,6032.6,3189.33,2107.6
2016/6/6,2136.32,6051.86,3178.79,2103.71
2016/6/7,2139.07,6045.36,3177.05,2097.21
2016/6/8,2132.96,6023.88,3163.99,2087.68
2016/6/13,2084.3,5746.44,3066.34,1945.7
2016/6/14,2095.02,5762.76,3075.98,1943.48
2016/6/15,2106.63,5952.85,3116.37,2009.3
2016/6/16,2094.81,5930.55,3094.67,1981.88
2016/6/17,2102.2,5964.27,3110.36,1999.35
2016/6/20,2104.22,5985.57,3112.67,1994.79
2016/6/21,2104.56,5916.8,3106.32,1965.74
2016/6/22,2115.77,6008.89,3133.96,2017.56
2016/6/23,2105.53,5978.17,3117.32,2010.18
2016/6/24,2076.3,5903.62,3077.16,1994.52
2016/6/27,2095.89,6044.22,3120.54,2052.64
2016/6/28,2102.05,6107.51,3136.4,2079.42
2016/6/29,2122.97,6120.2,3151.39,2070.65
2016/6/30,2122.63,6123.49,3153.92,2099.18
2016/7/1,2127.09,6111.54,3154.2,2076.74
2016/7/4,2163.29,6231.88,3204.7,2116.37
2016/7/5,2168.86,6269.5,3207.38,2115.29
2016/7/6,2167.1,6297.4,3216.8,2112.85
2016/7/7,2166.88,6319.79,3209.95,2108.17
2016/7/8,2148.76,6299.85,3192.28,2111.25
2016/7/11,2155.72,6312.5,3203.33,2092.86
2016/7/12,2200.35,6395.14,3273.18,2121.15
2016/7/13,2197.79,6446.56,3282.87,2159.89
2016/7/14,2195.23,6455.58,3276.76,2167.64
2016/7/15,2192.39,6441.02,3276.28,2138.32
2016/7/18,2187.98,6412.07,3262.02,2119.96
2016/7/19,2175.4,6431.94,3248.23,2144.81
2016/7/20,2167.12,6417.92,3237.61,2144.38
2016/7/21,2177.78,6442.71,3252.52,2138.42
2016/7/22,2157.23,6390.93,3225.16,2121.8
2016/7/25,2159.55,6408.78,3230.89,2113.2
2016/7/26,2182.51,6494.47,3269.59,2146.36
2016/7/27,2173.97,6229.29,3218.24,2019.69
2016/7/28,2163.81,6243.29,3221.14,2007.19
2016/7/29,2155.24,6202.89,3203.93,1988.03
2016/8/1,2147.56,6109.28,3176.81,1963.86
2016/8/2,2148.45,6168.51,3189.05,1979.5
2016/8/3,2145.79,6198.39,3193.51,1972.33
2016/8/4,2143.84,6238.23,3201.29,1997.4
2016/8/5,2148.68,6203.29,3205.11,1972.28
2016/8/8,2159.67,6290.76,3234.18,1991.16
2016/8/9,2175.34,6341.55,3256.98,2013.3
2016/8/10,2170.1,6318.27,3243.34,1995.23
2016/8/11,2177.06,6226.31,3233.36,1963.56
2016/8/12,2222.49,6299.09,3294.23,1982.78
2016/8/15,2287.66,6442.53,3393.42,2058.08
2016/8/16,2257.7,6468.89,3378.25,2067.7
2016/8/17,2253.74,6488.36,3373.05,2072.31
2016/8/18,2244.72,6490.41,3364.49,2067.56
2016/8/19,2249.34,6499.55,3365.02,2063.41
2016/8/22,2237.13,6420.35,3336.79,2022.88
2016/8/23,2241.95,6428.7,3341.83,2030.4
2016/8/24,2232.21,6435.06,3329.86,2046.39
2016/8/25,2222.15,6382.57,3308.97,2027.93
2016/8/26,2219.31,6410.73,3307.09,2039.14
2016/8/29,2214.26,6427.53,3307.78,2042.49
2016/8/30,2224.06,6425.75,3311.99,2045.72
2016/8/31,2232.71,6434.21,3327.79,2047.23
2016/9/1,2220.4,6381.48,3301.58,2033.48
2016/9/2,2229.89,6356.95,3314.11,2024.26
2016/9/5,2228.72,6391.79,3319.68,2034.1
2016/9/6,2232.45,6492.97,3342.63,2069.1
2016/9/7,2236.55,6494.32,3340.82,2058.55
2016/9/8,2236.63,6517.98,3339.56,2073.29
2016/9/9,2229.31,6471.05,3318.04,2046.47
2016/9/12,2199.98,6291.64,3262.6,1990.86
2016/9/13,2193.19,6320.03,3260.33,1980.87
2016/9/14,2176.52,6278.16,3238.73,1976.44
2016/9/19,2189.46,6344.18,3263.12,1998.01
2016/9/20,2184.21,6342.03,3257.4,1993.34
2016/9/21,2187.15,6343.75,3266.64,1994.53
2016/9/22,2200.7,6385.64,3291.12,1999.1
2016/9/23,2196.29,6370.58,3275.67,1980.71
2016/9/26,2167.26,6241.52,3220.28,1947.89
2016/9/27,2176.45,6286.91,3240.75,1967.32
2016/9/28,2166.72,6281.28,3230.89,1960.73
2016/9/29,2175.37,6298.79,3244.39,1963.52
2016/9/30,2177.35,6328.09,3253.28,1968.81
2016/10/10,2202.87,6447.69,3293.87,2022.55
2016/10/11,2209.23,6486.43,3306.56,2022.58
2016/10/12,2201,6482.74,3300.01,2021.27
2016/10/13,2202.12,6484.83,3302.65,2020.53
2016/10/14,2209.81,6469.49,3305.85,2003.9
2016/10/17,2192.88,6413.15,3277.88,1981.93
2016/10/18,2222.78,6509.28,3321.33,2012.32
2016/10/19,2221.53,6495.26,3316.24,2001.55
2016/10/20,2223.42,6498.24,3318.6,2005.32
2016/10/21,2240.75,6475.28,3327.74,1996.38
2016/10/24,2270.95,6539.47,3367.58,2016.54
2016/10/25,2266.17,6563.35,3367.45,2020.4
2016/10/26,2257.12,6530.39,3354.8,2008.66
2016/10/27,2250.26,6517.36,3345.7,2010.05
2016/10/28,2253.8,6455.83,3340.13,1995.46
2016/10/31,2250.47,6452.21,3336.28,1989.1
2016/11/1,2263.48,6507.95,3359.05,2002.78
2016/11/2,2244.74,6455.13,3333.35,1970.19
2016/11/3,2273.63,6483.73,3365.09,1977.2
2016/11/4,2271.93,6462.59,3354.17,1969.75
2016/11/7,2276.95,6468.82,3356.59,1950.6
2016/11/8,2282.42,6503.18,3371.12,1967.74
2016/11/9,2263.92,6453.57,3353.05,1938.58
2016/11/10,2289.45,6536.97,3390.61,1956.95
2016/11/11,2308.43,6583.89,3417.22,1966.44
2016/11/14,2317.77,6615.01,3430.25,1983.6
2016/11/15,2310.9,6640.46,3429.87,2004.2
2016/11/16,2309.94,6644.19,3429.59,2001.43
2016/11/17,2316.72,6636.47,3436.53,1978.49
2016/11/18,2307.27,6602.33,3417.46,1974.02
2016/11/21,2334.68,6611.54,3441.11,1967.88
2016/11/22,2353,6661.25,3468.36,1998.6
2016/11/23,2360.34,6631.17,3474.73,1990.31
2016/11/24,2368.73,6623.05,3488.74,1971.7
2016/11/25,2393.95,6652.82,3521.3,1995.84
2016/11/28,2403.14,6670.8,3535.08,1992.59
2016/11/29,2441.58,6620.79,3564.04,1994.42
2016/11/30,2419.41,6585.58,3538,2019.94
2016/12/1,2431.31,6624.47,3565.04,2014.95
2016/12/2,2416.51,6520.97,3528.95,1976.38
2016/12/5,2375.26,6486.02,3469.41,1970.15
2016/12/6,2368.68,6490.89,3459.15,1935.62
2016/12/7,2376.92,6558.02,3475.75,1948.77
2016/12/8,2379,6527.43,3470.14,1925.94
2016/12/9,2411.31,6513.92,3493.7,1911.64
2016/12/12,2387.16,6249.08,3409.18,1799.4
2016/12/13,2372.93,6278.18,3405.04,1799.65
2016/12/14,2360.38,6239.5,3378.95,1781.72
2016/12/15,2309.82,6280.4,3340.43,1797.29
2016/12/16,2302.32,6318.52,3346.03,1820.59
2016/12/19,2291.38,6320.73,3328.98,1802.31
2016/12/20,2279.68,6300.64,3309.06,1808.1
2016/12/21,2297.37,6347.61,3338.54,1813.15
2016/12/22,2292.04,6341.79,3335.67,1806.06
2016/12/23,2278.48,6282,3307.6,1784.51
2016/12/26,2294.71,6294.75,3322.4,1788.94
2016/12/27,2286.96,6288.86,3316.39,1782.39
2016/12/28,2277.18,6270.24,3301.89,1771.04
2016/12/29,2275.11,6252.61,3297.76,1773.23
2016/12/30,2286.9,6263.63,3310.08,1775.13
2017/1/3,2307.89,6320.76,3342.23,1781.33
2017/1/4,2322.21,6394.67,3368.31,1812.38
2017/1/5,2322.68,6399.28,3367.79,1804.7
2017/1/6,2308.94,6371.62,3347.67,1781.03
2017/1/9,2318.34,6415.42,3363.9,1783.72
2017/1/10,2312.6,6393.93,3358.27,1772.3
2017/1/11,2300.47,6331.96,3334.5,1759.19
2017/1/12,2295.4,6272.85,3317.62,1748.05
2017/1/13,2308.06,6194.66,3319.91,1718.99
2017/1/16,2337.39,6031.24,3319.45,1635.88
2017/1/17,2329.59,6082.07,3326.36,1685.75
2017/1/18,2342.78,6068.59,3339.37,1660.95
2017/1/19,2334.96,6043.68,3329.29,1662.47
2017/1/20,2347.18,6122,3354.89,1698.54
2017/1/23,2347.1,6172.17,3364.08,1702.59
2017/1/24,2352.42,6165.26,3364.45,1672.46
2017/1/25,2358.7,6179.57,3375.9,1678.58
2017/1/26,2364.02,6223.71,3387.96,1691.87
2017/2/3,2339.99,6207.09,3364.49,1684.31
2017/2/6,2343.97,6259.25,3373.21,1706.43
2017/2/7,2337.53,6255.93,3365.68,1692.65
2017/2/8,2346.43,6291.6,3383.29,1708.45
2017/2/9,2354.9,6331.18,3396.29,1720.26
2017/2/10,2368.18,6337.11,3413.49,1711.1
2017/2/13,2379.31,6369.65,3436.28,1721.81
2017/2/14,2373.51,6374.89,3435.8,1721.8
2017/2/15,2372.19,6311.7,3421.71,1699.44
2017/2/16,2376.76,6359.34,3440.93,1704.21
2017/2/17,2362.71,6307.16,3421.44,1688.91
2017/2/20,2394.12,6385.06,3471.39,1700.42
2017/2/21,2396.88,6434.44,3482.82,1726.83
2017/2/22,2398.19,6474.23,3489.76,1729.71
2017/2/23,2387.42,6473.99,3473.32,1730.23
2017/2/24,2389.88,6476.17,3473.85,1743.33
2017/2/27,2370.56,6424.25,3446.22,1730.78
2017/2/28,2370.71,6450.97,3452.81,1730.79
2017/3/1,2371.93,6467.64,3458.44,1733.08
2017/3/2,2354.91,6434.63,3435.1,1716.21
2017/3/3,2347.15,6452.84,3427.86,1718.84
2017/3/6,2349.89,6517.32,3446.48,1754.26
2017/3/7,2356.29,6523.19,3453.96,1768.77
2017/3/8,2358.07,6497.09,3448.73,1752.42
2017/3/9,2346.55,6439.38,3426.94,1748.26
2017/3/10,2339.23,6447.92,3427.89,1743.73
2017/3/13,2354.89,6507.9,3458.1,1763.5
2017/3/14,2354.9,6493.48,3456.69,1745.67
2017/3/15,2357.31,6486.06,3463.64,1748.49
2017/3/16,2369.19,6543.34,3481.51,1755.86
2017/3/17,2346.96,6483.25,3445.81,1740.07
2017/3/20,2350.07,6498.34,3449.61,1742.98
2017/3/21,2357.14,6515.95,3466.35,1747.92
2017/3/22,2338.55,6499.79,3450.05,1727.07
2017/3/23,2347.43,6512.19,3461.98,1722.17
2017/3/24,2365.6,6546.61,3489.6,1735.82
2017/3/27,2364.43,6516.03,3478.04,1722.38
2017/3/28,2356.31,6498.69,3469.81,1717.16
2017/3/29,2352.69,6480.54,3465.19,1701.05
2017/3/30,2346.67,6375.74,3436.76,1661.71
2017/3/31,2359.75,6401.65,3456.05,1676.41
2017/4/5,2384.26,6539.97,3503.89,1712.02
2017/4/6,2390.39,6559.65,3514.05,1712.37
2017/4/7,2388.27,6578.73,3517.46,1714.24
2017/4/10,2379.16,6566.54,3505.14,1677.24
2017/4/11,2382.11,6629.17,3517.33,1680
2017/4/12,2378.86,6576.48,3509.44,1660.04
2017/4/13,2368.11,6615.7,3514.57,1674.13
2017/4/14,2355.52,6528.16,3486.5,1650.4
2017/4/17,2357.52,6456.6,3479.94,1635.97
2017/4/18,2337.35,6418.21,3462.74,1608.33
2017/4/19,2325.04,6350.65,3445.88,1613.02
2017/4/20,2335.65,6347.77,3461.55,1612.47
2017/4/21,2347.67,6300.71,3466.79,1599.17
2017/4/24,2341.93,6138.5,3431.26,1565.99
2017/4/25,2344.74,6160.46,3440.97,1574.99
2017/4/26,2344.5,6176.4,3445.18,1571.64
2017/4/27,2351.64,6192.3,3446.72,1593.18
2017/4/28,2347.04,6211.86,3439.75,1599.76
2017/5/2,2336.79,6216.11,3426.58,1600.71
2017/5/3,2329.77,6197.48,3413.13,1596.8
2017/5/4,2325.43,6176.31,3404.39,1596.24
2017/5/5,2320.6,6089.68,3382.55,1576.8
2017/5/8,2326.1,5975.54,3358.81,1560.46
2017/5/9,2316.29,6012,3352.53,1579.78
2017/5/10,2324.92,5885.84,3337.7,1554.53
2017/5/11,2339.29,5872.64,3356.65,1554.58
2017/5/12,2375.45,5863.78,3385.38,1552.68
2017/5/15,2381.75,5893.51,3399.19,1552.36
2017/5/16,2381.32,6014.73,3428.65,1582.52
2017/5/17,2363.56,6027.65,3409.97,1596.06
2017/5/18,2354.75,5976.3,3398.11,1587.76
2017/5/19,2361.66,5974.98,3403.85,1577.25
2017/5/22,2381.55,5888.81,3411.24,1560.67
2017/5/23,2411.8,5764.88,3424.19,1531.23
2017/5/24,2407.57,5799.25,3424.17,1544.42
2017/5/25,2473.5,5850.8,3485.66,1550.3
2017/5/26,2471.21,5836.93,3480.43,1534.73
2017/5/31,2479.08,5824.1,3492.88,1535.41
2017/6/1,2496.45,5710,3497.74,1502.02
2017/6/2,2475.46,5772.52,3486.51,1528.14
2017/6/5,2450.35,5815.8,3468.75,1542.62
2017/6/6,2466.01,5841.52,3492.88,1547.39
2017/6/7,2484.03,5955.02,3533.87,1578.77
2017/6/8,2507.03,5958.98,3560.98,1572.95
2017/6/9,2519.27,5969.27,3576.17,1575.84
2017/6/12,2521.17,5902.86,3574.39,1551.77
2017/6/13,2515.14,5980.06,3582.27,1575.09
2017/6/14,2477.32,5966.43,3535.3,1571.49
2017/6/15,2461.97,6021.17,3528.79,1602.32
2017/6/16,2452.79,6013,3518.76,1598.26
2017/6/19,2484.12,6057.41,3553.67,1602.5
2017/6/20,2474.43,6066.9,3546.49,1605.68
2017/6/21,2497.25,6078.19,3587.95,1607.74
2017/6/22,2516.67,5992.34,3590.34,1580.76
2017/6/23,2529.1,6010.31,3622.88,1586.99
2017/6/26,2543.32,6111.64,3668.09,1597.97
2017/6/27,2554.7,6113.17,3674.72,1595.83
2017/6/28,2537.64,6086.21,3646.17,1582.59
2017/6/29,2552.98,6116.99,3668.83,1588.31
2017/6/30,2549.97,6138.16,3666.8,1588.87
2017/7/3,2534.37,6177.4,3650.85,1608
2017/7/4,2511.15,6146.85,3619.98,1599.82
2017/7/5,2548.1,6193.96,3659.68,1611.55
2017/7/6,2553.88,6201.65,3660.1,1611.71
2017/7/7,2543.66,6226.01,3655.93,1611.4
2017/7/10,2550.11,6206.56,3653.69,1579.28
2017/7/11,2570.59,6128.99,3670.81,1560.91
2017/7/12,2565.14,6132.99,3658.82,1564.94
2017/7/13,2600.95,6149.93,3686.92,1552.38
2017/7/14,2622.98,6128.74,3703.09,1525.7
2017/7/17,2631.41,5876.46,3663.56,1443.28
2017/7/18,2624.31,5938.43,3667.18,1457.1
2017/7/19,2657.89,6059.36,3729.75,1469.97
2017/7/20,2665.45,6099.28,3747.88,1475.3
2017/7/21,2639.21,6126.11,3728.6,1478.87
2017/7/24,2654.38,6167.13,3743.47,1476.1
2017/7/25,2643.07,6153.6,3719.56,1479.85
2017/7/26,2636.2,6146.7,3705.39,1477.21
2017/7/27,2636.63,6184.02,3712.19,1534.03
2017/7/28,2636.39,6215.46,3721.89,1525.52
2017/7/31,2638.12,6298,3737.87,1528.53
2017/8/1,2681.81,6286.54,3770.38,1535.22
2017/8/2,2680.63,6251.86,3760.85,1524.25
2017/8/3,2646.22,6261.97,3727.83,1532.47
2017/8/4,2627.8,6225.12,3707.58,1520
2017/8/7,2634.18,6303.42,3726.79,1528.69
2017/8/8,2635.18,6303.72,3732.21,1544.27
2017/8/9,2620.38,6340.02,3731.04,1547.85
2017/8/10,2611.34,6289.22,3715.92,1536.74
2017/8/11,2570.26,6161.19,3647.35,1526.88
2017/8/14,2591.45,6292.64,3694.68,1576.24
2017/8/15,2605.24,6314.76,3706.06,1581.15
2017/8/16,2595,6318.8,3701.42,1612.64
2017/8/17,2604.08,6366.03,3721.28,1625.34
2017/8/18,2613.26,6347.76,3724.67,1611.9
2017/8/21,2616.82,6403.78,3740.99,1618.37
2017/8/22,2643.5,6375.98,3752.3,1604.19
2017/8/23,2659.78,6322.78,3756.09,1595.54
2017/8/24,2646.4,6278.59,3734.65,1583.96
2017/8/25,2706.24,6346.53,3795.75,1604.65
2017/8/28,2736.46,6424.58,3842.71,1636.03
2017/8/29,2739.13,6408.16,3834.54,1624.06
2017/8/30,2728.23,6453.46,3834.3,1627.19
2017/8/31,2714.63,6470.43,3822.09,1637.9
2017/9/1,2710.12,6526.5,3830.54,1660.04
2017/9/4,2711.35,6564.68,3845.62,1677.67
2017/9/5,2729.85,6571.86,3857.05,1673.71
2017/9/6,2714.33,6607.12,3849.45,1695.96
2017/9/7,2691.83,6558.6,3829.87,1684.52
2017/9/8,2686.69,6574.18,3825.99,1676.21
2017/9/11,2674.75,6649.63,3825.65,1694.99
2017/9/12,2692.54,6644.01,3837.93,1677.44
2017/9/13,2687.67,6684.38,3842.61,1683.96
2017/9/14,2672.84,6672.18,3829.96,1673.2
2017/9/15,2668.38,6622.04,3831.3,1668.19
2017/9/18,2674.18,6669.45,3843.14,1679.04
2017/9/19,2670.69,6636.02,3832.12,1659.56
2017/9/20,2662.63,6692.47,3842.44,1675.47
2017/9/21,2675.55,6612.05,3837.82,1652.63
2017/9/22,2679.05,6572.01,3837.73,1651.58
2017/9/25,2680.65,6489.84,3817.79,1623.17
2017/9/26,2678.99,6520.72,3820.78,1622.11
2017/9/27,2661.55,6583.14,3821.2,1641
2017/9/28,2661.28,6567.79,3822.54,1640.93
2017/9/29,2672.33,6603.26,3836.5,1653.23
2017/10/9,2692.08,6678.37,3882.21,1679.74
2017/10/10,2695.54,6705.48,3889.86,1699.35
2017/10/11,2707.52,6666.47,3902.69,1678.46
2017/10/12,2718.35,6659.1,3912.95,1681.96
2017/10/13,2713.38,6709.82,3921,1715.15
2017/10/16,2726.64,6619.21,3913.45,1667.31
2017/10/17,2723.53,6612.94,3913.07,1661.24
2017/10/18,2753.01,6563.44,3944.16,1652.99
2017/10/19,2756.04,6501.4,3931.25,1642.12
2017/10/20,2737.64,6571.42,3926.85,1664.01
2017/10/23,2734.37,6612.76,3930.8,1680.63
2017/10/24,2753.65,6603,3959.4,1684.96
2017/10/25,2752.14,6647.89,3976.95,1693.43
2017/10/26,2771.04,6671.93,3993.58,1685.77
2017/10/27,2814.27,6630.81,4021.97,1669.09
2017/10/30,2809.11,6511.76,4009.72,1619.14
2017/10/31,2793.71,6560.21,4006.72,1634.87
2017/11/1,2789.4,6552.95,3996.62,1626.13
2017/11/2,2794.1,6484.93,3997.13,1598.74
2017/11/3,2800.47,6426.98,3992.7,1587.11
2017/11/6,2792.22,6511.1,4020.89,1601.76
2017/11/7,2821.96,6551.94,4054.25,1610.12
2017/11/8,2819.96,6561.69,4048.01,1624.33
2017/11/9,2832.96,6611.35,4075.9,1644.86
2017/11/10,2862.34,6641.22,4111.91,1654.02
2017/11/13,2873.51,6671.21,4128.07,1659.33
2017/11/14,2861.42,6614.51,4099.35,1646.99
2017/11/15,2850.05,6537.66,4073.67,1619.66
2017/11/16,2879.4,6558.31,4105.01,1621.02
2017/11/17,2938.8,6361.94,4120.85,1583.53
2017/11/20,2941.15,6433.17,4143.83,1605.13
2017/11/21,2987.17,6456.35,4217.7,1610.98
2017/11/22,3012.36,6439.44,4227.57,1606.49
2017/11/23,2940.73,6274.51,4102.4,1561.37
2017/11/24,2936.83,6278.03,4104.2,1553.64
2017/11/27,2917.31,6194.55,4049.95,1540.15
2017/11/28,2897.11,6299.31,4055.82,1573.33
2017/11/29,2893.28,6318.37,4053.75,1567.19
2017/11/30,2863.45,6263.42,4006.1,1554.12
2017/12/1,2842.18,6316.41,3998.14,1589.8
2017/12/4,2861.36,6279.62,4018.86,1579.42
2017/12/5,2910.48,6132.91,4040.17,1542.99
2017/12/6,2875.73,6172.8,4015.82,1563.48
2017/12/7,2848.89,6135.47,3971.06,1552.4
2017/12/8,2865.34,6203.14,4003.38,1567.33
2017/12/11,2899.1,6286.17,4069.5,1590.19
2017/12/12,2850.2,6233.21,4016.02,1578.08
2017/12/13,2872.94,6277.44,4050.09,1580.38
2017/12/14,2850.05,6284.08,4026.15,1567.66
2017/12/15,2820.17,6235.76,3980.86,1560.81
2017/12/18,2829.06,6199.99,3985.29,1555.76
2017/12/19,2873.03,6251.24,4035.33,1572.52
2017/12/20,2879.64,6199.36,4030.49,1551.61
2017/12/21,2895.37,6238.5,4067.85,1554.68
2017/12/22,2880.77,6242.88,4054.6,1542.87
2017/12/25,2880.1,6185.59,4041.54,1514.84
2017/12/26,2894.34,6220.15,4053.62,1519.88
2017/12/27,2839.63,6173.15,3991.21,1513.98
2017/12/28,2859.05,6204.27,4018.9,1515.52
2017/12/29,2860.44,6250.82,4030.85,1519.75
2018/1/2,2908.73,6332.23,4087.4,1530.45
2018/1/3,2913.26,6388.25,4111.39,1562.52
2018/1/4,2919.48,6417.53,4128.81,1556.52
2018/1/5,2932.36,6417.25,4138.75,1558.46
2018/1/8,2947.76,6446.18,4160.16,1556.46
2018/1/9,2969.32,6445.75,4189.3,1550.72
2018/1/10,2995.56,6405.94,4207.81,1540.92
2018/1/11,2997.04,6425.94,4205.59,1552.26
2018/1/12,3018.6,6399.37,4225,1527.01
2018/1/15,3048.81,6253.38,4225.24,1476.94
2018/1/16,3063.86,6301.13,4258.47,1472.81
2018/1/17,3076.18,6267.46,4248.12,1483.91
2018/1/18,3106.55,6286.8,4271.42,1479.2
2018/1/19,3117.82,6272.38,4285.4,1475.97
2018/1/22,3130.33,6347.64,4336.6,1516.86
2018/1/23,3176.5,6355,4382.61,1512.8
2018/1/24,3180.33,6394.3,4389.89,1566.01
2018/1/25,3157.46,6382.72,4365.08,1563.61
2018/1/26,3172.78,6383.63,4381.3,1567.96
2018/1/29,3120.7,6309.88,4302.02,1564.43
2018/1/30,3079.12,6313.44,4256.1,1547.04
2018/1/31,3116.83,6189.34,4275.9,1502.19
2018/2/1,3141.23,5984.74,4245.9,1467.69
2018/2/2,3149.64,6004.85,4271.23,1476.92
2018/2/5,3181.34,5998.22,4274.15,1466.08
2018/2/6,3117.49,5704.26,4148.89,1387.03
2018/2/7,3029.6,5711.33,4050.5,1406.4
2018/2/8,2945.84,5766.48,4012.05,1429.51
2018/2/9,2810.03,5554.9,3840.65,1381.99
2018/2/12,2805.21,5699.1,3890.1,1432.75
2018/2/13,2852.72,5736.95,3935.63,1430.02
2018/2/14,2871.79,5754.83,3966.96,1422.57
2018/2/22,2931.88,5875.73,4052.73,1455.93
2018/2/23,2957.17,5897.68,4071.09,1452.57
2018/2/26,2973.79,6029.68,4118.42,1512.02
2018/2/27,2927.1,6010.56,4058.98,1530.32
2018/2/28,2878.67,6023.68,4023.64,1540.49
2018/3/1,2891.3,6090.22,4049.09,1569.38
2018/3/2,2864.18,6056.34,4016.46,1549.87
2018/3/5,2863.99,6064.1,4018.1,1574.76
2018/3/6,2892.48,6145.58,4066.56,1572.49
2018/3/7,2878.15,6086.49,4036.65,1554.44
2018/3/8,2898.25,6131.51,4077.6,1560.32
2018/3/9,2908.2,6206.98,4108.87,1626.58
2018/3/12,2909.58,6295.78,4127.67,1655.33
2018/3/13,2883.38,6254.15,4091.25,1648.22
2018/3/14,2871.33,6189.32,4073.34,1623.08
2018/3/15,2894.98,6180.11,4096.16,1635.04
2018/3/16,2870.73,6146.31,4056.42,1604.47
2018/3/19,2897.26,6153.83,4074.25,1625.5
2018/3/20,2904.4,6173.7,4077.7,1641.31
2018/3/21,2894.18,6129.2,4061.05,1605.62
2018/3/22,2866.67,6101.23,4020.35,1594.1
2018/3/23,2791.47,5787.15,3904.94,1490.46
2018/3/26,2738.87,5902.96,3879.89,1544.02
2018/3/27,2747.59,6034.77,3913.27,1610.47
2018/3/28,2694.83,5973.34,3842.72,1599.9
2018/3/29,2738.79,6034.86,3894.05,1616.82
2018/3/30,2722.15,6114.74,3898.5,1672.39
2018/4/2,2711.37,6121.96,3886.92,1664.78
2018/4/3,2697.27,6059.71,3862.48,1633.98
2018/4/4,2702.37,6017.69,3854.86,1596.13
2018/4/9,2715.73,6025.65,3852.93,1605.45
2018/4/10,2780.8,6063.74,3927.17,1598.61
2018/4/11,2785.34,6086.61,3938.34,1594.31
2018/4/12,2749.7,6051.33,3898.64,1581.94
2018/4/13,2726.4,6027.19,3871.14,1583.47
2018/4/16,2664.7,6012.41,3808.86,1596.93
2018/4/17,2635.7,5890.86,3748.64,1540.99
2018/4/18,2653.77,5970.66,3766.28,1578.53
2018/4/19,2682.55,6004.73,3811.84,1572.95
2018/4/20,2647.38,5880.84,3760.85,1529.66
2018/4/23,2664.92,5823.92,3766.33,1501.25
2018/4/24,2722.85,5957.19,3843.49,1559.58
2018/4/25,2702.98,5959.42,3828.7,1562.92
2018/4/26,2666.02,5847.98,3755.49,1528.75
2018/4/27,2653.54,5860.98,3756.88,1543.32
2018/5/2,2652.73,5855.32,3763.65,1538.87
2018/5/3,2663.98,5910.61,3793,1570.53
2018/5/4,2646.35,5909.29,3774.6,1549.73
2018/5/7,2683.85,6019.14,3834.19,1589.73
2018/5/8,2722.88,6041.81,3878.68,1604.31
2018/5/9,2717.24,6029.23,3871.62,1604.22
2018/5/10,2729.4,6040.57,3893.06,1603.34
2018/5/11,2724.72,5991.34,3872.84,1577.05
2018/5/14,2753.54,5967.55,3909.29,1574.68
2018/5/15,2750.83,6020.57,3924.1,1589.94
2018/5/16,2716.78,6004.07,3892.84,1575.11
2018/5/17,2700.88,5973.78,3864.05,1557.79
2018/5/18,2740.53,5995.15,3903.06,1567.68
2018/5/21,2745.8,6072.2,3921.24,1595.1
2018/5/22,2728,6092.91,3906.21,1597.78
2018/5/23,2683.69,6013.85,3854.58,1569.32
2018/5/24,2665.68,5992.62,3827.22,1558.05
2018/5/25,2661.29,5917.8,3816.5,1518.11
2018/5/28,2673.2,5891.26,3833.26,1508.22
2018/5/29,2663.4,5835.45,3804.01,1500.62
2018/5/30,2605.9,5682.59,3723.37,1450.55
2018/5/31,2658.29,5754.47,3802.38,1461.16
2018/6/1,2647.19,5685.12,3770.59,1439.08
2018/6/4,2694.58,5683.15,3807.58,1436.85
2018/6/5,2707.02,5779.08,3845.32,1468.95
2018/6/6,2692.18,5774.26,3837.35,1452.77
2018/6/7,2695.24,5738.02,3831.01,1445.97
2018/6/8,2652.08,5669.3,3779.62,1426.22
2018/6/11,2660.41,5632.36,3779.98,1418.76
2018/6/12,2687.7,5693.35,3825.95,1440.01
2018/6/13,2671.63,5607.02,3788.34,1412.38
2018/6/14,2671.3,5586.93,3773.37,1405.61
2018/6/15,2667.98,5483.94,3753.43,1370.23
2018/6/19,2599.78,5141.71,3621.12,1284.14
2018/6/20,2598.33,5198.39,3635.44,1297.91
2018/6/21,2579.05,5089.25,3592.97,1256.46
2018/6/22,2583.71,5160.12,3608.9,1287.36
2018/6/25,2536.46,5125.03,3560.48,1278.7
2018/6/26,2506.72,5160.28,3531.11,1306.91
2018/6/27,2452.64,5109.5,3459.26,1296.29
2018/6/28,2425.18,5055.11,3423.53,1294.54
2018/6/29,2479.91,5217.76,3510.98,1348.99
2018/7/2,2386.38,5138.78,3407.96,1328.38
2018/7/3,2388.98,5197.13,3409.28,1351.76
2018/7/4,2368.43,5121.34,3363.75,1316.83
2018/7/5,2374.36,4982.76,3342.44,1292.8
2018/7/6,2402.62,4996.63,3365.12,1299.03
2018/7/9,2471.29,5107.55,3459.18,1325.47
2018/7/10,2471.23,5136.53,3467.52,1336.17
2018/7/11,2432.28,5036.16,3407.53,1308.46
2018/7/12,2474.62,5172.5,3481.06,1355.98
2018/7/13,2476.86,5204.19,3492.69,1358.75
2018/7/16,2448.76,5195.2,3472.09,1351.57
2018/7/17,2430.44,5196.2,3449.38,1359.3
2018/7/18,2420.76,5156.64,3431.32,1339.83
2018/7/19,2426.16,5111.33,3428.34,1331.79
2018/7/20,2493.76,5175.25,3492.89,1351.83
2018/7/23,2526.81,5214,3525.75,1373.61
2018/7/24,2563.58,5304.64,3581.71,1385.98
2018/7/25,2563.69,5308.66,3577.75,1386.83
2018/7/26,2530.99,5273.48,3536.25,1360.4
2018/7/27,2525.09,5249.29,3521.23,1345.69
2018/7/30,2541.31,5185.15,3515.08,1318.23
2018/7/31,2545.12,5188.72,3517.66,1313.55
2018/8/1,2490.25,5105.37,3447.39,1297.56
2018/8/2,2440.31,4996.01,3370.96,1264.29
2018/8/3,2413.5,4929.75,3315.28,1242.04
2018/8/6,2406.54,4825.25,3273.27,1214.48
2018/8/7,2479.78,4956.87,3368.87,1252.8
2018/8/8,2447,4880.57,3314.51,1223.03
2018/8/9,2504.62,5004.77,3397.53,1267.63
2018/8/10,2503.21,5030.51,3405.02,1273.39
2018/8/13,2478.51,5055.28,3390.34,1291.31
2018/8/14,2469.2,5037.88,3372.91,1278.05
2018/8/15,2408.72,4932.81,3291.98,1237.89
2018/8/16,2405.16,4888.37,3276.73,1233.19
2018/8/17,2374.17,4803.03,3229.62,1211.43
2018/8/20,2409.13,4832.65,3267.25,1225.65
2018/8/21,2452.38,4891.98,3326.65,1240.3
2018/8/22,2450.15,4837.02,3307.95,1223.94
2018/8/23,2461.07,4863.67,3320.03,1239.12
2018/8/24,2472,4852.29,3325.33,1228.32
2018/8/27,2522.34,4960.07,3406.57,1264.32
2018/8/28,2511.15,4974.21,3400.17,1266.56
2018/8/29,2503.48,4941.96,3386.57,1258.33
2018/8/30,2479.21,4867.12,3351.09,1233
2018/8/31,2474.48,4814.82,3334.5,1212.25
2018/9/3,2465.88,4838.87,3321.82,1220
2018/9/4,2500.44,4890.28,3363.9,1234.78
2018/9/5,2441.23,4815.03,3298.14,1213.52
2018/9/6,2416.03,4793.35,3262.88,1205.53
2018/9/7,2437.68,4791.78,3277.64,1201.2
2018/9/10,2413.43,4704.88,3230.07,1157.2
2018/9/11,2398.77,4702.9,3224.21,1159.9
2018/9/12,2381.39,4693.97,3202.02,1157.22
2018/9/13,2415.31,4721.21,3236.57,1163.44
2018/9/14,2425.42,4670.08,3242.09,1143.63
2018/9/17,2399.88,4602.39,3204.92,1129.51
2018/9/18,2458.77,4683.51,3269.43,1150.73
2018/9/19,2487.08,4736.89,3312.48,1164.59
2018/9/20,2487.42,4733.48,3310.13,1161.01
2018/9/21,2573.6,4805.22,3410.49,1182.31
2018/9/25,2547.79,4792.55,3379.8,1169.6
2018/9/26,2582.77,4815.63,3417.24,1178.29
2018/9/27,2575.45,4755.38,3403.59,1153.45
2018/9/28,2606.67,4800.73,3438.86,1169.65
2018/10/8,2486.82,4646.49,3290.9,1113.36
2018/10/9,2491.66,4634.89,3288.69,1102.54
2018/10/10,2494.06,4629.89,3281.6,1100.5
2018/10/11,2390.5,4307.42,3124.11,1024.08
2018/10/12,2444.13,4278.04,3170.73,1028.54
2018/10/15,2412.48,4199.15,3126.45,1011.92
2018/10/16,2415.49,4099.68,3100.97,986.71
2018/10/17,2429.21,4133.38,3118.25,996.48
2018/10/18,2369.07,4018.46,3044.39,976.48
2018/10/19,2446.32,4127.99,3134.95,1020.78
2018/10/22,2540.15,4333.14,3270.27,1082.75
2018/10/23,2464.81,4253.56,3183.43,1057.35
2018/10/24,2477.49,4245.49,3188.2,1046.37
2018/10/25,2485.1,4234.42,3194.31,1039.07
2018/10/26,2468.91,4233.96,3173.64,1023.36
2018/10/29,2389.58,4162.53,3076.89,1010.71
2018/10/30,2415.65,4204.54,3110.26,1026.63
2018/10/31,2451.12,4272.55,3153.82,1035.58
2018/11/1,2460.16,4298.98,3177.03,1048.35
2018/11/2,2542.77,4437.95,3290.25,1105.32
2018/11/5,2511.59,4440.83,3262.84,1106.88
2018/11/6,2499.68,4438.1,3243.15,1103.84
2018/11/7,2482.33,4415.14,3221.91,1101.44
2018/11/8,2486,4382.33,3212.77,1083.28
2018/11/9,2434.21,4368.61,3167.44,1083.88
2018/11/12,2444.97,4481.69,3205.14,1125.2
2018/11/13,2462.97,4563.54,3237.38,1141.93
2018/11/14,2429.99,4545.51,3204.94,1135.24
2018/11/15,2459.14,4619.81,3242.37,1155.29
2018/11/16,2461.44,4659.1,3257.67,1152.22
2018/11/19,2492.08,4670.74,3294.6,1148.92
2018/11/20,2446.79,4537.45,3218.41,1112.34
2018/11/21,2451.27,4554.67,3226.49,1115.68
2018/11/22,2437.64,4551.33,3214.43,1107.87
2018/11/23,2399.2,4374.76,3143.48,1062.17
2018/11/26,2401.9,4367.46,3141.24,1059.49
2018/11/27,2394.29,4387.65,3137.24,1067.12
2018/11/28,2421.13,4441.86,3178.93,1090.69
2018/11/29,2401.85,4345.7,3137.65,1063.42
2018/11/30,2428.04,4376.65,3172.69,1080.56
2018/12/3,2488.06,4515.17,3260.95,1119.76
2018/12/4,2496.14,4536.21,3267.71,1126.24
2018/12/5,2481.79,4502.7,3252,1119.59
2018/12/6,2434.49,4411.09,3181.67,1085.24
2018/12/7,2430.72,4410.96,3181.56,1084.42
2018/12/10,2408.61,4359.31,3144.76,1071.19
2018/12/11,2415.58,4395.57,3159.82,1082.98
2018/12/12,2423.32,4393.32,3170.61,1084.87
2018/12/13,2457.9,4443.16,3219.69,1098.29
2018/12/14,2423.38,4337.1,3165.91,1064.28
2018/12/17,2425.94,4330.65,3161.2,1055.3
2018/12/18,2397.87,4307.27,3128.43,1047.64
2018/12/19,2369.55,4247.9,3091.13,1026.28
2018/12/20,2334.92,4259.76,3067.42,1029.83
2018/12/21,2306.15,4231.14,3029.4,1024.17
2018/12/24,2309.23,4274.72,3038.2,1037.24
2018/12/25,2297.33,4225.51,3017.28,1026.3
2018/12/26,2281.56,4208.41,3002.03,1013.47
2018/12/27,2276.06,4161.27,2990.51,1001.03
2018/12/28,2293.1,4168.04,3010.65,1001.64
2019/1/2,2262.79,4131.96,2969.54,983.42
2019/1/3,2269.24,4112.81,2964.84,970.75
2019/1/4,2314.65,4210.88,3035.87,999.41
2019/1/7,2314.32,4288.32,3054.3,1015.45
2019/1/8,2305.17,4277.3,3047.7,1012.38
2019/1/9,2332.72,4288.77,3078.48,1010.6
2019/1/10,2331.85,4281.86,3072.69,1004.24
2019/1/11,2354.5,4314.88,3094.78,1005.82
2019/1/14,2331.14,4286.55,3067.78,992.39
2019/1/15,2378.37,4347.36,3127.99,1014.84
2019/1/16,2381.22,4336.88,3128.65,1014.27
2019/1/17,2371.35,4303.73,3111.42,1001.3
2019/1/18,2417.36,4347.81,3168.17,1018.86
2019/1/21,2432.49,4373.63,3185.64,1027.02
2019/1/22,2401.23,4308.25,3143.32,1007.75
2019/1/23,2397.05,4315.68,3141.05,1005.02
2019/1/24,2411.56,4338.17,3158.78,1017.55
2019/1/25,2441.64,4318.44,3184.47,1020.88
2019/1/28,2437.03,4307.22,3183.78,1015.52
2019/1/29,2455.9,4254.29,3193.97,1001.86
2019/1/30,2440.01,4211.62,3168.48,987.8
2019/1/31,2483.47,4176.47,3201.63,988.41
2019/2/1,2499.64,4294.27,3247.4,1027.24
2019/2/11,2527.47,4402.87,3306.47,1060.14
2019/2/12,2533.18,4439.48,3330.34,1072.48
2019/2/13,2580.61,4512.41,3397.03,1095.88
2019/2/14,2576.31,4532.17,3402.14,1103.59
2019/2/15,2517.46,4502.73,3338.7,1090.46
2019/2/18,2582.85,4661,3445.74,1140.64
2019/2/19,2579.05,4667.28,3439.61,1133.69
2019/2/20,2588.17,4667.62,3451.93,1129.85
2019/2/21,2577.23,4659.14,3442.71,1134.54
2019/2/22,2623.07,4777.3,3520.12,1179.86
2019/2/25,2787.7,5044.35,3729.48,1260.88
2019/2/26,2733.9,5038.54,3684.69,1265.56
2019/2/27,2750.34,5017.88,3678.39,1243.56
2019/2/28,2743.97,5025.29,3669.37,1262.1
2019/3/1,2819.47,5067.23,3749.71,1292.54
2019/3/4,2832.59,5158.25,3794.1,1324.78
2019/3/5,2828.87,5295.29,3816.01,1364.3
2019/3/6,2840.27,5390.03,3848.09,1385.75
2019/3/7,2789.7,5458.62,3808.85,1379.54
2019/3/8,2685.59,5245.7,3657.58,1336
2019/3/11,2708.6,5456.38,3729.95,1391.34
2019/3/12,2719.77,5551,3755.35,1410.83
2019/3/13,2723.96,5424.86,3724.19,1358.05
2019/3/14,2729.13,5298.5,3698.49,1340.82
2019/3/15,2755.81,5359.01,3745.01,1343.36
2019/3/18,2825.18,5501.18,3851.75,1375.2
2019/3/19,2806.9,5522.18,3833.96,1374.53
2019/3/20,2812.92,5515.79,3835.44,1369.41
2019/3/21,2802.96,5589.48,3836.89,1380.38
2019/3/22,2795.39,5622.14,3833.8,1370.66
2019/3/25,2718.18,5549.67,3742.83,1346.26
2019/3/26,2706.15,5394.88,3700.44,1309.68
2019/3/27,2741.59,5447.88,3743.39,1316.16
2019/3/28,2733.97,5370.12,3728.4,1301.88
2019/3/29,2838.51,5547.66,3872.34,1356.28
2019/4/1,2892.62,5757.84,3973.93,1409.21
2019/4/2,2888.53,5775.55,3971.29,1404.36
2019/4/3,2920,5836.04,4022.16,1418.37
2019/4/4,2951.98,5871.56,4062.23,1415.51
2019/4/8,2962.27,5847.63,4057.23,1389.1
2019/4/9,2967.51,5858.05,4075.43,1396.3
2019/4/10,2979.1,5850.76,4085.85,1380.64
2019/4/11,2928.43,5727.17,3997.58,1349.08
2019/4/12,2920.52,5714.37,3988.62,1354.07
2019/4/15,2924.93,5655.98,3975.52,1329.05
2019/4/16,3023.03,5777.01,4085.79,1369.38
2019/4/17,3017.42,5807.73,4087.24,1376.3
2019/4/18,3004.92,5775.17,4072.08,1365.76
2019/4/19,3042.43,5810.18,4120.61,1375.84
2019/4/22,2970.49,5723.04,4025.61,1351.23
2019/4/23,2978.85,5628.06,4019.01,1336.58
2019/4/24,2974.85,5679.73,4030.09,1362.03
2019/4/25,2927.99,5458.42,3941.82,1315.43
2019/4/26,2892.86,5408.03,3889.27,1312.71
2019/4/29,2939.41,5265.6,3900.33,1280.04
2019/4/30,2945.24,5307.56,3913.21,1275.11
2019/5/6,2805.04,4908.8,3684.62,1177.53
2019/5/7,2806.26,4973.4,3720.67,1189.62
2019/5/8,2758.24,4947.74,3667.46,1178.78
2019/5/9,2698.78,4888.41,3599.7,1163.73
2019/5/10,2793.76,5064.32,3730.45,1217.15
2019/5/13,2741.11,5005.9,3668.73,1194.22
2019/5/14,2724.73,4965.61,3645.15,1191.1
2019/5/15,2783.54,5076.56,3727.09,1218.73
2019/5/16,2791.41,5108.36,3743.96,1220.49
2019/5/17,2735.21,4942.58,3648.76,1174
2019/5/20,2715.43,4923.56,3617.79,1174.01
2019/5/21,2739.79,5009.87,3666.78,1190.68
2019/5/22,2725.73,4976.39,3649.38,1185.02
2019/5/23,2685.93,4872.92,3583.96,1154.87
2019/5/24,2702.03,4841.76,3593.91,1153
2019/5/27,2722.33,4962.95,3637.2,1185.25
2019/5/28,2748.8,4955.49,3672.26,1190.37
2019/5/29,2755.81,4956.86,3663.91,1181.47
2019/5/30,2742.96,4926.4,3641.18,1165.54
2019/5/31,2728.95,4912,3629.79,1164.6
2019/6/3,2743.06,4853.82,3632.01,1151.45
2019/6/4,2721.31,4795.41,3598.47,1141.6
2019/6/5,2719.59,4783.82,3597.11,1139.25
2019/6/6,2706.76,4678.78,3564.68,1116
2019/6/10,2743.37,4725.26,3610.74,1127.04
2019/6/11,2812.9,4901.47,3719.28,1173.19
2019/6/12,2796.73,4863.49,3691.1,1159.96
2019/6/13,2794.54,4877.65,3685.39,1161.67
2019/6/14,2785.61,4795.53,3654.88,1140.34
2019/6/17,2793.7,4802.82,3654.82,1137.62
2019/6/18,2806.45,4797.15,3667.62,1144.1
2019/6/19,2842.74,4858.92,3715.94,1158.74
2019/6/20,2942.63,4954.73,3828.52,1186.36
2019/6/21,2938.77,5021.31,3833.94,1211.39
2019/6/24,2949.52,5024.2,3841.27,1204.36
2019/6/25,2910.12,4974.99,3801.31,1196.68
2019/6/26,2903.49,4962.59,3794.33,1202.72
2019/6/27,2937.13,5007.48,3834.82,1217.88
2019/6/28,2930.6,4950.48,3825.59,1207.66
2019/7/1,3002.94,5100.26,3935.81,1254.78
2019/7/2,2999.08,5084.41,3937.17,1255.95
2019/7/3,2964.73,5040.72,3893.53,1240.47
2019/7/4,2953.27,5025.02,3873.1,1229.93
2019/7/5,2961.92,5042.66,3893.2,1234.74
2019/7/8,2897.51,4870.78,3802.79,1194.72
2019/7/9,2881.55,4881.62,3793.13,1202.24
2019/7/10,2878.78,4843.86,3786.74,1197.16
2019/7/11,2887.83,4844.55,3785.22,1197.56
2019/7/12,2902.13,4861.57,3808.73,1201.5
2019/7/15,2902.61,4925.32,3824.19,1221.11
2019/7/16,2884.56,4932.05,3806.84,1221.02
2019/7/17,2875.03,4929.09,3804.64,1226.82
2019/7/18,2859.16,4844.11,3768.4,1206.82
2019/7/19,2895.62,4878.69,3807.96,1219.03
2019/7/22,2881.9,4776.57,3781.68,1196.97
2019/7/23,2881.1,4823.92,3789.91,1214.61
2019/7/24,2906.55,4873.03,3819.83,1231.28
2019/7/25,2931.18,4891.64,3851.07,1241.59
2019/7/26,2939.35,4898.11,3858.57,1244.01
2019/7/29,2930.49,4897.02,3854.27,1240.76
2019/7/30,2944.03,4922.92,3870.32,1256.26
2019/7/31,2912.66,4903.2,3835.36,1247.12
2019/8/1,2887.87,4870.47,3803.47,1244.58
2019/8/2,2843.77,4809.92,3747.44,1228.19
2019/8/5,2786.72,4751.98,3675.69,1201.53
2019/8/6,2760.68,4650.56,3636.33,1183.18
2019/8/7,2747.25,4626.36,3621.43,1177.67
2019/8/8,2786.87,4656.1,3669.29,1196.25
2019/8/9,2772.15,4600.35,3633.53,1188.67
2019/8/12,2824.8,4685.05,3699.1,1215.47
2019/8/13,2792.91,4658.39,3665.75,1206.48
2019/8/14,2804.36,4683.84,3682.4,1218.24
2019/8/15,2814.39,4706.55,3694,1234.76
2019/8/16,2824.23,4722.66,3710.54,1242.89
2019/8/19,2877.23,4875.04,3791.09,1298.58
2019/8/20,2875.65,4872.61,3787.73,1288.38
2019/8/21,2869.22,4882.72,3781.76,1282.92
2019/8/22,2878,4887.91,3793.51,1285.95
2019/8/23,2917.38,4887.9,3820.86,1290.32
2019/8/26,2863.48,4855.46,3765.91,1276
2019/8/27,2887.24,4936.12,3816.95,1294.2
2019/8/28,2867.03,4928.19,3802.58,1287.62
2019/8/29,2855.45,4934.18,3790.19,1283.77
2019/8/30,2872.4,4886.49,3799.59,1279.98
2019/9/2,2894.96,5008.3,3848.32,1322.35
2019/9/3,2892.18,5044.18,3853.61,1329.32
2019/9/4,2919.68,5093.27,3886,1336.39
2019/9/5,2955.84,5138.41,3925.32,1356.43
2019/9/6,2981.07,5154.64,3948.51,1367.99
2019/9/9,2981.59,5263.46,3972.95,1411.64
2019/9/10,2969.8,5245.31,3959.27,1403.02
2019/9/11,2957.14,5217.29,3930.1,1385.39
2019/9/12,2999.56,5242.61,3972.38,1393.16
2019/9/16,2982.45,5250.34,3957.72,1392.87
2019/9/17,2937.01,5140.45,3891.22,1357.92
2019/9/18,2954.36,5141.04,3910.08,1358.19
2019/9/19,2956.83,5191.67,3924.38,1377.83
2019/9/20,2963.43,5204.48,3935.65,1375.66
2019/9/23,2930.91,5171.48,3890.66,1356.41
2019/9/24,2940.08,5180.74,3901.08,1371.52
2019/9/25,2928.84,5087.01,3870.98,1351.21
2019/9/26,2927.88,4970.24,3841.14,1318.55
2019/9/27,2929.47,5005.63,3852.65,1333.11
2019/9/30,2897.7,4940.9,3814.53,1311.57
2019/10/8,2922.35,4941.76,3837.68,1297.33
2019/10/9,2922.98,4982.95,3843.24,1302.68
2019/10/10,2940.8,5046.36,3874.64,1339.98
2019/10/11,2983.12,5055.52,3911.73,1345.8
2019/10/14,3013.53,5131.13,3953.24,1359.55
2019/10/15,3015.42,5061,3936.25,1338.54
2019/10/16,3004.72,5038.36,3922.69,1334.6
2019/10/17,3011.75,5029.85,3925.22,1336.25
2019/10/18,2963.18,4961.81,3869.38,1327.42
2019/10/21,2968.91,4951.04,3880.84,1319.85
2019/10/22,2973.22,5005.55,3895.88,1338.09
2019/10/23,2954.31,4967.19,3871.08,1322.16
2019/10/24,2959.03,4958.25,3870.67,1322.94
2019/10/25,2967.05,4994.57,3896.79,1340.26
2019/10/28,2981.36,5084.47,3926.59,1366.26
2019/10/29,2968.28,5007.71,3910.23,1348.3
2019/10/30,2952.12,4947.9,3891.23,1348.71
2019/10/31,2954.73,4917.42,3886.75,1342.06
2019/11/1,3002.65,4962.35,3952.39,1361.88
2019/11/4,3022.27,4987.84,3978.12,1370.76
2019/11/5,3039.98,5025.3,4002.81,1385.23
2019/11/6,3032.79,4974.73,3984.88,1380.98
2019/11/7,3033.3,5007.07,3991.87,1388.37
2019/11/8,3012.46,4988.29,3973.01,1389.84
2019/11/11,2965.71,4876.16,3902.98,1358.47
2019/11/12,2971.36,4881.61,3903.69,1353.74
2019/11/13,2967.67,4875.54,3899.98,1366.28
2019/11/14,2968.57,4912.11,3905.86,1376.94
2019/11/15,2954.7,4868.44,3877.09,1364.64
2019/11/18,2980.95,4892.46,3907.93,1373.87
2019/11/19,3000.75,4975.11,3947.04,1420.06
2019/11/20,2968.12,4946.28,3907.86,1412.89
2019/11/21,2949.34,4945.72,3889.6,1405.08
2019/11/22,2922.27,4904.08,3849.99,1380.23
2019/11/25,2951.25,4901.5,3878.21,1367.94
2019/11/26,2946.57,4882.16,3891.65,1383.68
2019/11/27,2944.32,4904.26,3875.62,1380.36
2019/11/28,2930.48,4889.26,3862.3,1378.11
2019/11/29,2894.72,4894.94,3828.67,1369.1
2019/12/2,2899.44,4905.42,3836.06,1372.04
2019/12/3,2909.62,4926.45,3851.09,1379.46
2019/12/4,2901.07,4920.67,3849.82,1380.72
2019/12/5,2921.95,4967.6,3879.36,1415.65
2019/12/6,2939.82,5010.51,3902.39,1429.63
2019/12/9,2933.04,5024.6,3895.45,1422.53
2019/12/10,2936.99,5049.05,3900.38,1443.03
2019/12/11,2949.65,5027.28,3902.75,1427.76
2019/12/12,2938.04,5012,3891.02,1428.33
2019/12/13,3006.31,5073.69,3968.22,1463.51
2019/12/16,2999.2,5166.04,3987.55,1486.12
2019/12/17,3033.14,5236.06,4041.8,1505.52
2019/12/18,3025.78,5235.12,4032.78,1499.07
2019/12/19,3017.71,5241.74,4027.15,1496.19
2019/12/20,3012.63,5184.68,4017.25,1476.68
2019/12/23,2984.24,5084.35,3967.1,1450.12
2019/12/24,2996.77,5162.07,3992.96,1485.53
2019/12/25,2986,5183.1,3990.87,1500.64
2019/12/26,3011.64,5219.14,4025.99,1510.05
2019/12/27,3017.78,5179.19,4022.03,1481.36
2019/12/30,3062.75,5241.94,4081.63,1507.02
2019/12/31,3063.22,5267.66,4096.58,1511.73
2020/1/2,3090.83,5366.14,4152.24,1537.16
2020/1/3,3078.28,5380.64,4144.96,1538.4
2020/1/6,3056.84,5434.85,4129.3,1554.22
2020/1/7,3074.02,5499.84,4160.23,1571.38
2020/1/8,3037.85,5423.8,4112.32,1548.46
2020/1/9,3067.55,5497.54,4164.37,1595.63
2020/1/10,3067.88,5480.23,4163.18,1590.54
2020/1/13,3090.13,5559.63,4203.99,1615.6
2020/1/14,3080.6,5542.33,4189.89,1607.37
2020/1/15,3058.01,5530.03,4166.73,1607.78
2020/1/16,3043.09,5527.67,4149.04,1612.5
2020/1/17,3053.17,5510.05,4154.85,1613.11
2020/1/20,3065.99,5587.54,4185.83,1659.61
2020/1/21,3012.11,5523.94,4114.31,1643.82
2020/1/22,3017.88,5575.51,4131.93,1681.76
2020/1/23,2932.49,5377.74,4003.9,1626.61
2020/2/3,2727.09,4910.9,3688.36,1521.73
2020/2/4,2794.66,4996.47,3785.64,1602.86
2020/2/5,2812.9,5123.96,3828.53,1658.43
2020/2/6,2854.89,5282.89,3899.78,1720.84
2020/2/7,2851.71,5327.04,3899.87,1712.7
2020/2/10,2850.06,5388.43,3916.01,1742.14
2020/2/11,2879.86,5361.28,3952.46,1727.57
2020/2/12,2895.59,5459.95,3984.43,1780.64
2020/2/13,2875.48,5412.84,3959.92,1764.11
2020/2/14,2895.06,5420.8,3987.73,1764.59
2020/2/17,2950.07,5594.44,4077.42,1829.93
2020/2/18,2924.4,5660.81,4057.51,1849.57
2020/2/19,2923.76,5603.26,4051.31,1808.25
2020/2/20,2978.18,5706.71,4144.66,1854.48
2020/2/21,2968.14,5784.03,4149.49,1898.03
2020/2/24,2930.03,5865.47,4132.84,1931.82
2020/2/25,2909.32,5897.72,4123.85,1963.31
2020/2/26,2901.67,5743.39,4073.02,1860.27
2020/2/27,2912.04,5753.73,4084.88,1869.38
2020/2/28,2821.04,5451.29,3940.05,1759.25
2020/3/2,2907.89,5656.42,4069.67,1815.14
2020/3/3,2921.44,5710.02,4091.36,1853.33
2020/3/4,2947.57,5716.51,4115.05,1847.32
2020/3/5,3018.07,5801.12,4206.73,1872.2
2020/3/6,2964.83,5763.86,4138.51,1859.38
2020/3/9,2868.83,5525.82,3997.13,1772.26
2020/3/10,2924.22,5675.11,4082.73,1829.12
2020/3/11,2888.36,5589.53,4028.43,1787.75
2020/3/12,2841.98,5493.88,3950.91,1742.81
2020/3/13,2798.77,5457.2,3895.31,1734.85
2020/3/16,2694.02,5200.11,3727.84,1625.96
2020/3/17,2685.59,5212.06,3709.68,1634.59
2020/3/18,2625.75,5119.47,3636.26,1600.03
2020/3/19,2569.79,5157.82,3589.09,1605.76
2020/3/20,2628.42,5219.28,3653.22,1623.78
2020/3/23,2559.62,4998.91,3530.31,1547.36
2020/3/24,2639.38,5096.04,3625.11,1586.93
2020/3/25,2700.19,5217.42,3722.52,1649.28
2020/3/26,2689.28,5166.11,3698.05,1645.03
2020/3/27,2701.44,5137.34,3710.06,1625.68
2020/3/30,2690.04,5027.49,3674.11,1585.86
2020/3/31,2689.38,5041.45,3686.16,1587.55
2020/4/1,2682.08,5019.22,3675.08,1584.88
2020/4/2,2719.89,5147.2,3734.53,1632.85
2020/4/3,2708.82,5107.04,3713.22,1619.55
2020/4/7,2757.41,5267.07,3798.02,1674.21
2020/4/8,2743.89,5271.8,3780.34,1670.83
2020/4/9,2752.59,5322.46,3792.81,1700.73
2020/4/10,2749.85,5208.51,3769.18,1654.93
2020/4/13,2739.17,5169.18,3753.26,1638.7
2020/4/14,2785.72,5288.59,3825.7,1698.98
2020/4/15,2764.49,5268.75,3797.36,1693.05
2020/4/16,2768.26,5316.97,3802.38,1720.14
2020/4/17,2809.08,5318.45,3839.49,1732.81
2020/4/20,2819.79,5381.79,3853.46,1753.34
2020/4/21,2784.53,5343.88,3808.05,1735.34
2020/4/22,2804.24,5387.62,3839.38,1749.02
2020/4/23,2797.66,5357.79,3829.75,1737.83
2020/4/24,2776.02,5273.55,3796.97,1712.95
2020/4/27,2805.22,5265.72,3822.77,1734.56
2020/4/28,2825.14,5227.85,3849.15,1756.51
2020/4/29,2844.81,5226.81,3867.03,1752.91
2020/4/30,2861.91,5353.86,3912.58,1787.65
2020/5/6,2863.85,5451.32,3936.25,1828.38
2020/5/7,2854.42,5445.75,3924.89,1820.22
2020/5/8,2873.01,5507.7,3963.62,1833.67
2020/5/11,2871.85,5496.19,3960.18,1811.63
2020/5/12,2869.6,5512.46,3960.24,1826.85
2020/5/13,2867.71,5536.28,3968.25,1845.18
2020/5/14,2834.53,5487.11,3925.22,1829.42
2020/5/15,2819.69,5507.93,3912.82,1838.72
2020/5/18,2837.17,5478.82,3922.91,1820.49
2020/5/19,2860.67,5547.88,3956.25,1846.57
2020/5/20,2856.14,5489.7,3935.22,1826.17
2020/5/21,2846.82,5426.17,3913.79,1815.99
2020/5/22,2775.81,5328.23,3824.06,1766.15
2020/5/25,2789.71,5316.6,3829.32,1775.32
2020/5/26,2808.84,5420.21,3872.77,1828.71
2020/5/27,2795.48,5369.5,3845.61,1795.67
2020/5/28,2809.66,5361.17,3856.63,1783.91
2020/5/29,2806.66,5406.34,3867.02,1802.39
2020/6/1,2870.36,5569.48,3971.34,1869.07
2020/6/2,2885.92,5566.44,3983.57,1858.02
2020/6/3,2889.11,5572.31,3983.65,1854.42
2020/6/4,2883.36,5576.75,3982.19,1860.78
2020/6/5,2896.35,5585.42,4001.25,1876.64
2020/6/8,2909.59,5575.3,4021.95,1865.72
2020/6/9,2928.3,5610.38,4047.03,1893.3
2020/6/10,2908.48,5615.24,4039.71,1915.98
2020/6/11,2876.51,5589.1,3995.88,1922.71
2020/6/12,2884.12,5591.49,4003.08,1938.38
2020/6/15,2838.61,5590.64,3954.99,1946.04
2020/6/16,2878.99,5695.3,4014.57,1981.35
2020/6/17,2881.13,5735.42,4017.59,1980.39
2020/6/18,2888.96,5734.4,4044.38,1988.94
2020/6/19,2925.94,5787.15,4098.71,2047.57
2020/6/22,2921.89,5784.03,4102.05,2075.6
2020/6/23,2925.42,5804.34,4121.79,2112.15
2020/6/24,2943.47,5789.09,4138.99,2106.09
2020/6/29,2925.48,5762.44,4109.72,2092.53
2020/6/30,2942.07,5864.42,4163.96,2155.92
2020/7/1,3009.86,5881.89,4247.78,2139.56
2020/7/2,3084.24,5975.28,4335.84,2149.51
2020/7/3,3159.16,6051.51,4419.6,2181.25
2020/7/6,3374.14,6299.86,4670.09,2247.1
2020/7/7,3381.76,6380.03,4698.13,2304.74
2020/7/8,3429.94,6535.42,4774,2371.57
2020/7/9,3442.02,6693.75,4840.77,2464.8
2020/7/10,3351.78,6676.44,4753.13,2485.77
2020/7/13,3390.12,6899.52,4852.96,2598.9
2020/7/14,3348.03,6807.73,4806.69,2575.63
2020/7/15,3313.76,6638.84,4744.47,2531.18
2020/7/16,3162.03,6320,4516.25,2384
2020/7/17,3185.89,6344.59,4544.7,2392.9
2020/7/20,3287.92,6526.83,4680.3,2432.25
2020/7/21,3286.81,6563.32,4691.04,2475.95
2020/7/22,3291.36,6620.69,4714.45,2507.69
2020/7/23,3284.11,6620.09,4712.44,2551.76
2020/7/24,3158.29,6283.98,4505.59,2382.15
2020/7/27,3163.23,6298.74,4528.45,2389.29
2020/7/28,3185.89,6359.66,4568.26,2418.54
2020/7/29,3243.38,6530.27,4679.01,2524.67
2020/7/30,3231.52,6511.44,4656.15,2506.07
2020/7/31,3249.34,6579.67,4695.05,2568.8
2020/8/3,3281.1,6739.81,4771.31,2640.4
2020/8/4,3312.13,6697.71,4775.8,2598.69
2020/8/5,3292.31,6772.84,4777.11,2629.53
2020/8/6,3292.2,6770.3,4762.76,2576.18
2020/8/7,3263.75,6688.88,4707.93,2515.7
2020/8/10,3285.76,6725.3,4724.87,2491.1
2020/8/11,3262.82,6600.85,4681.78,2446.63
2020/8/12,3249.74,6528.4,4647.64,2399.69
2020/8/13,3241.84,6552.66,4635.71,2384.16
2020/8/14,3288.51,6623.56,4704.63,2431.69
2020/8/17,3368.85,6744.55,4815.23,2455.43
2020/8/18,3367.33,6789.4,4812.76,2455.88
2020/8/19,3307.66,6666.27,4740.68,2359.84
2020/8/20,3264.53,6593.79,4679.15,2344.71
2020/8/21,3284.73,6643.94,4718.84,2390.08
2020/8/24,3298.72,6688.96,4755.85,2433.69
2020/8/25,3310.84,6652.55,4761.95,2455.58
2020/8/26,3277.89,6525.88,4706.13,2398.75
2020/8/27,3290.79,6578.79,4731.35,2445.88
2020/8/28,3368.44,6691.21,4844.27,2505.68
2020/8/31,3343.89,6668.43,4816.22,2474.47
2020/9/1,3355.1,6710.46,4842.12,2495.35
2020/9/2,3347.3,6717.56,4843.89,2508.86
2020/9/3,3334.41,6662.25,4817.1,2488.99
2020/9/4,3309.21,6618.58,4770.22,2477.3
2020/9/7,3253.43,6478.81,4669.37,2389.33
2020/9/8,3289.91,6525.1,4694.39,2401.7
2020/9/9,3235.7,6349.22,4584.59,2278.58
2020/9/10,3245.5,6235.57,4581.98,2247.77
2020/9/11,3265.5,6311.97,4627.28,2298.77
2020/9/14,3294.15,6351.24,4651.05,2335.14
2020/9/15,3317.64,6387.88,4688.48,2357.82
2020/9/16,3295.58,6353.84,4657.36,2321.42
2020/9/17,3264.69,6367.02,4632.71,2329.39
2020/9/18,3347.78,6469.47,4737.09,2366.51
2020/9/21,3311.59,6445.96,4691.43,2341.47
2020/9/22,3270.52,6358.65,4635.76,2336.92
2020/9/23,3275.74,6392.03,4652.33,2379.75
2020/9/24,3218.72,6244.64,4563.07,2322.36
2020/9/25,3229.78,6236.89,4570.02,2328.66
2020/9/28,3250.5,6178.47,4581.91,2316.81
2020/9/29,3241.32,6228.77,4591.8,2352.88
2020/9/30,3232.42,6192.5,4587.4,2367.6
2020/10/9,3286.86,6357.97,4681.14,2474.35
2020/10/12,3387.88,6541.18,4823.16,2574.15
2020/10/13,3386.89,6551.4,4839.2,2575.99
2020/10/14,3369.5,6508.37,4807.1,2561.94
2020/10/15,3371.4,6460.04,4798.74,2540.58
2020/10/16,3380.17,6428.68,4791.68,2525.18
2020/10/19,3354.31,6358.32,4755.49,2493.6
2020/10/20,3363.5,6423.11,4793.47,2553.32
2020/10/21,3377.42,6350.01,4792.83,2514.78
2020/10/22,3369.53,6317.14,4777.98,2488.32
2020/10/23,3346.61,6213.26,4718.49,2410.9
2020/10/26,3304.7,6214.38,4691.24,2427.41
2020/10/27,3294.09,6221.34,4699.28,2462.22
2020/10/28,3313.23,6246,4737.27,2488.87
2020/10/29,3324.44,6255.19,4772.92,2520.32
2020/10/30,3280.38,6111.48,4695.33,2484.79
2020/11/2,3265.9,6143.12,4720.83,2542.67
2020/11/3,3307.48,6241.77,4777.56,2576.91
2020/11/4,3332.19,6234.16,4813.66,2592.72
2020/11/5,3369.5,6351.98,4885.11,2630.69
2020/11/6,3359.12,6301.25,4885.72,2585.46
2020/11/9,3418.28,6421.65,4981.35,2673.75
2020/11/10,3416.14,6373.09,4953.88,2627.23
2020/11/11,3411.23,6294.61,4904.9,2533.94
2020/11/12,3397.35,6315.49,4908.46,2553.4
2020/11/13,3338.31,6306.97,4856.85,2554.51
2020/11/16,3377.11,6387.37,4904.17,2559
2020/11/17,3379.27,6336.94,4894.79,2500.94
2020/11/18,3387.04,6341.01,4891.67,2460.97
2020/11/19,3410.09,6360.6,4927.99,2476.45
2020/11/20,3411.93,6422.99,4943.29,2501.99
2020/11/23,3469.8,6472.93,5005.03,2532.71
2020/11/24,3442.72,6475.19,4974.29,2520.19
2020/11/25,3420.29,6350.37,4910.7,2457.81
2020/11/26,3445.74,6334.3,4919.59,2450.64
2020/11/27,3498.66,6351.61,4980.77,2460.26
2020/11/30,3469.42,6320.94,4960.25,2479.8
2020/12/1,3554.01,6426.62,5067.1,2546.55
2020/12/2,3545.34,6434.98,5067.14,2523.85
2020/12/3,3536.81,6440.88,5057.06,2552.52
2020/12/4,3541.52,6464.73,5065.92,2571.34
2020/12/7,3509.94,6424.68,5022.24,2559.84
2020/12/8,3499.06,6423.65,5009.88,2585.25
2020/12/9,3468.53,6307.22,4942.7,2540.35
2020/12/10,3459.03,6320.1,4940.52,2560.33
2020/12/11,3427.86,6209.43,4889.63,2533.88
2020/12/14,3467.77,6259.02,4934.84,2561.26
2020/12/15,3468.83,6265.58,4945.1,2606.53
2020/12/16,3485.4,6235.44,4953.87,2611.61
2020/12/17,3539.54,6308.9,5017.48,2636.59
2020/12/18,3507.97,6291.92,4999.97,2643.43
2020/12/21,3522.26,6398.6,5046.84,2752.49
2020/12/22,3470.9,6250.06,4964.77,2685.77
2020/12/23,3494.59,6307.6,5007.12,2716.96
2020/12/24,3489.27,6205.22,5000.02,2698.84
2020/12/25,3512.49,6278.5,5042.01,2722.61
2020/12/28,3523.84,6244.48,5064.41,2721.48
2020/12/29,3517.35,6199.85,5042.94,2684.9
2020/12/30,3574.13,6269.25,5113.71,2784
2020/12/31,3640.64,6367.11,5211.29,2853.18
2021/1/4,3643.36,6482.79,5267.72,2963.76
2021/1/5,3683.36,6539.73,5368.5,2977.51
2021/1/6,3736.65,6528.14,5417.67,3008.35
2021/1/7,3808.07,6538.12,5513.66,3060.05
2021/1/8,3788.32,6557.6,5495.43,3048.99
2021/1/11,3776.53,6455.4,5441.16,2989.29
2021/1/12,3906.12,6543.23,5596.35,3093.71
2021/1/13,3873.23,6496.91,5577.97,3052.84
2021/1/14,3811.22,6439.89,5470.46,3001.81
2021/1/15,3817.93,6417.5,5458.08,3003.7
2021/1/18,3849.4,6514.46,5518.52,3070.28
2021/1/19,3808.69,6476.37,5437.52,2999.12
2021/1/20,3814.65,6535.42,5476.43,3128.83
2021/1/21,3850.06,6622.5,5564.97,3210.39
2021/1/22,3846.39,6637.81,5569.78,3285.71
2021/1/25,3898.15,6645.31,5625.92,3276.81
2021/1/26,3813.29,6532.96,5512.97,3173.43
2021/1/27,3818.27,6557.16,5528,3209.15
2021/1/28,3735.03,6414.38,5377.14,3085.67
2021/1/29,3713.25,6346.14,5351.96,3042.51
2021/2/1,3746.37,6393.28,5417.65,3078.07
2021/2/2,3771.47,6454.79,5501.09,3158.31
2021/2/3,3775.72,6399.33,5485.2,3165.76
2021/2/4,3801.62,6328.79,5473.95,3154.85
2021/2/5,3840.77,6239.87,5483.41,3152.06
2021/2/8,3890.47,6323.16,5564.56,3246.58
2021/2/9,3952.83,6457.88,5686.25,3301.1
2021/2/10,4028.53,6525.17,5807.72,3385.21
2021/2/18,4014.32,6614.54,5768.38,3278.2
2021/2/19,4014.46,6703.48,5778.84,3225.17
2021/2/22,3881.87,6657.06,5597.33,3067.52
2021/2/23,3897.72,6631.23,5579.67,3051.43
2021/2/24,3805.47,6536.19,5437.57,2931.28
2021/2/25,3851.03,6499.15,5469.56,2902.38
2021/2/26,3756.86,6364.35,5336.76,2839.43
2021/3/1,3787.87,6488.44,5418.78,2931.09
2021/3/2,3718.77,6433.33,5349.63,2901.05
2021/3/3,3817.41,6524.75,5452.21,2927.41
2021/3/4,3708.66,6401.99,5280.71,2762.74
2021/3/5,3688.68,6403.5,5262.8,2782.29
2021/3/8,3573.43,6256.41,5080.02,2634.35
2021/3/9,3509.61,6108,4971,2538.01
2021/3/10,3532.05,6062.26,5003.61,2599.18
2021/3/11,3625.31,6213.83,5128.22,2677.34
2021/3/12,3632.58,6222.38,5146.38,2698.51
2021/3/15,3566.88,6173.87,5035.54,2567.45
2021/3/16,3599.16,6195.24,5079.36,2593.32
2021/3/17,3590.83,6225.36,5100.86,2624.9
2021/3/18,3605.6,6273.86,5141.77,2671.95
2021/3/19,3512.02,6206.6,5007.09,2582.8
2021/3/22,3538.43,6305.69,5057.15,2607.14
2021/3/23,3516.36,6219.17,5009.25,2573.58
2021/3/24,3466.04,6142.54,4928.69,2539.9
2021/3/25,3463.87,6157.41,4926.35,2552.47
2021/3/26,3529.73,6251.79,5037.99,2648.01
2021/3/29,3537.71,6254.94,5046.88,2634.54
2021/3/30,3577.24,6280.36,5094.73,2676.98
2021/3/31,3539.37,6254.07,5048.36,2667.44
2021/4/1,3582.65,6311.66,5110.78,2725.48
2021/4/2,3616.76,6326.61,5161.56,2762.07
2021/4/6,3594.71,6343.1,5140.34,2741.54
2021/4/7,3558.47,6348.08,5103.74,2710.92
2021/4/8,3573.04,6356.75,5112.21,2728.77
2021/4/9,3514.11,6335.24,5035.34,2679.25
2021/4/12,3477.07,6226.42,4947.75,2615.21
2021/4/13,3461.46,6209.78,4939.64,2644.76
2021/4/14,3469.17,6277.21,4980.63,2717.45
2021/4/15,3431.49,6276.46,4948.97,2702.33
2021/4/16,3448.1,6339.59,4966.18,2689.92
2021/4/19,3513.4,6425.26,5087.02,2817.85
2021/4/20,3510.12,6428.54,5083.37,2809.56
2021/4/21,3516.1,6420.26,5098.74,2832.56
2021/4/22,3487.43,6445.47,5089.24,2857.03
2021/4/23,3524.02,6462.76,5135.45,2928.34
2021/4/26,3467.66,6442.65,5077.24,2901.29
2021/4/27,3476.3,6446.28,5090.52,2921.87
2021/4/28,3473.04,6489.74,5119.24,2998.1
2021/4/29,3517.21,6491.93,5164.17,3003.1
2021/4/30,3491.19,6485.71,5123.49,3055.8
2021/5/6,3449.94,6489.35,5061.12,2971.65
2021/5/7,3406.31,6444.44,4996.05,2857.17
2021/5/10,3399.98,6475.99,4992.42,2873.71
2021/5/11,3437.71,6456.04,5023.06,2867.38
2021/5/12,3447.86,6512.05,5044.55,2905.91
2021/5/13,3413.89,6439.03,4992.97,2888.38
2021/5/14,3503.04,6525.8,5110.59,2987
2021/5/17,3539.91,6578.14,5184.99,3079.98
2021/5/18,3537.7,6599.6,5187.6,3053.32
2021/5/19,3511.47,6584.39,5172.27,3085.75
2021/5/20,3522.45,6548.71,5186.41,3107.53
2021/5/21,3481.86,6527.86,5134.15,3075.73
2021/5/24,3497.75,6544.12,5155.59,3102
2021/5/25,3641.29,6619.67,5318.48,3197.03
2021/5/26,3657.19,6628.21,5320.59,3164.03
2021/5/27,3664.94,6685.41,5338.23,3189.03
2021/5/28,3659.3,6668.17,5321.09,3208.04
2021/5/31,3650.22,6728.99,5331.57,3300.76
2021/6/1,3650.9,6739.76,5341.68,3286.86
2021/6/2,3622.4,6681.43,5289.97,3225.1
2021/6/3,3591.16,6667.73,5255.29,3175.52
2021/6/4,3612.7,6693.06,5282.28,3219.93
2021/6/7,3601.11,6721.5,5277.63,3193.94
2021/6/8,3580.28,6684.56,5232.12,3174.09
2021/6/9,3587.53,6692.9,5236.45,3170.08
2021/6/10,3607.68,6765.64,5271.47,3262.21
2021/6/11,3576.78,6725.92,5224.7,3283.19
2021/6/15,3528.67,6663.66,5166.56,3250.21
2021/6/16,3486.29,6566.29,5080.49,3100.05
2021/6/17,3481.6,6616.17,5101.89,3166.6
2021/6/18,3454.59,6657.76,5102.47,3231.05
2021/6/21,3431.25,6707.18,5090.39,3264.24
2021/6/22,3464.71,6739.79,5122.16,3277.01
2021/6/23,3471.34,6789.95,5147.39,3317.7
2021/6/24,3483.91,6754.87,5155.97,3274.26
2021/6/25,3535.02,6813.41,5239.97,3355.53
2021/6/28,3520.74,6828.52,5251.76,3430.67
2021/6/29,3482.73,6765.42,5190.54,3429.43
2021/6/30,3498.65,6808.18,5224.04,3512.44
2021/7/1,3535.25,6716.67,5229.66,3495.86
2021/7/2,3408.24,6658.05,5081.12,3373.61
2021/7/5,3404.79,6711.01,5085.79,3391.81
2021/7/6,3405.28,6709.5,5083.1,3324.56
2021/7/7,3424.39,6764.13,5140.49,3458.24
2021/7/8,3373.26,6748.65,5088.26,3488.05
2021/7/9,3361.59,6804.54,5069.44,3462.04
2021/7/12,3384.51,6904.38,5132.71,3587.55
2021/7/13,3391.74,6961.85,5142.1,3558.64
2021/7/14,3339.38,6898.75,5083.08,3534.81
2021/7/15,3411.29,6932.41,5151.46,3590.09
2021/7/16,3369.9,6925.12,5094.77,3469.44
2021/7/19,3385.37,6889.34,5113.49,3490.36
2021/7/20,3378.63,6901.13,5108.99,3507.04
2021/7/21,3388.52,6984.54,5144.04,3622.42
2021/7/22,3392.72,7026.55,5151.75,3603.04
2021/7/23,3357.45,6985.75,5089.23,3518.43
2021/7/26,3228.37,6868.21,4925.3,3407.86
2021/7/27,3126.38,6719.26,4751.31,3255.27
2021/7/28,3154.64,6621.98,4760.48,3318.33
2021/7/29,3182.8,6758.89,4850.27,3510.72
2021/7/30,3132.82,6767.32,4811.17,3486.85
2021/8/2,3211.14,6872,4933.74,3528.86
2021/8/3,3223.83,6816.01,4934.46,3501.55
2021/8/4,3233.1,6931.34,4978.85,3603.3
2021/8/5,3227.36,6911.83,4948.67,3573.08
2021/8/6,3195.7,6938.87,4921.56,3533.39
2021/8/9,3235.21,6979.53,4985.56,3477.69
2021/8/10,3288.65,7019.23,5043.15,3481.6
2021/8/11,3262.5751,7073.5219,5015.3406,3454.1405