,a,b,c
2020-01-01,0.4302736118911796,1.4278584513896941,-0.35114502235873996
2020-01-02,-0.0413103966817044,1.165992477964655,3.1503824456949716
2020-01-03,-1.0367015615260962,0.052783655885338336,-1.744018588212885
2020-01-04,1.0647250032340232,0.39944760854715117,0.17094942256308132
2020-01-05,0.1421888818958692,1.7673106220118053,0.5316147211804606
2020-01-06,-1.1192530378725978,-1.6088609209286844,-1.1569106719248514
2020-01-07,-0.8666186476204816,0.9878701857833556,-0.3453323009479126
2020-01-08,1.807752073348142,0.7113295613571694,2.10533953687177
2020-01-09,0.4609879760193453,-0.487532383409367,1.971471506361763
2020-01-10,-1.7833430193889195,-1.667945189449046,-0.7981431768283045
2020-01-11,0.6401441332363906,0.8912861640963645,-0.051684484638533555
2020-01-12,-0.33846298609343617,1.4767245614621651,-1.992807288967248
2020-01-13,0.8746479796928319,0.5568399306312505,-1.0753854273959178
2020-01-14,-0.023254114515631166,0.557184271626147,-0.687805329942529
2020-01-15,0.45620412101809704,-0.1357054603815495,1.0624361423564304
2020-01-16,0.08127135297400875,-0.3800104231432433,-0.24510942507561426
2020-01-17,-1.1482961625805161,-0.6179806321870396,-0.07835395063406468
2020-01-18,1.7107465455943514,1.9106864447398075,-0.7820229399058358
2020-01-19,-0.7038913628028243,0.28575517914377907,-0.6825084174737478
2020-01-20,0.8337023343130839,-0.520054862851395,-0.3330314656531343
2020-01-21,-1.5272292744127804,-1.029450392080136,-0.39336827168558053
2020-01-22,-1.21058512901531,0.6331149416579167,1.1403221539039412
2020-01-23,1.8939777029652434,-0.6646098522583869,0.36571041721378467
2020-01-24,0.5213738104742941,-1.6969478181216548,-0.25225514435371277
2020-01-25,2.30498064213701,0.3141856163013149,-0.04219102558909136
2020-01-26,0.7592710366796478,0.17197591256424768,-1.050610159396765
2020-01-27,-1.0117543792466033,-0.19341995013038057,-0.8397098807258053
2020-01-28,0.3223850528334703,-0.569454891317057,-0.19387197866291286
2020-01-29,-1.9010950299966924,-0.8318076526915872,1.6069782960721026
2020-01-30,0.5260874678861519,-1.9281931711952618,0.2761136667256867
2020-01-31,1.2725218109674976,0.8098570669787932,-1.0871523967934233
2020-02-01,0.44398829234207193,-1.1303374087281066,-0.5888952710831975
2020-02-02,0.15428701926098207,-1.6532745808459663,0.001644627144172569
2020-02-03,1.0806846899214897,1.233128820031201,0.12106890774238685
2020-02-04,0.844686482703486,0.17972637285848667,0.3654765548141301
2020-02-05,-0.05206491529670652,0.33974848178079975,-1.2829530821331243
2020-02-06,0.4460223780640783,1.16737309069066,-0.45065894625643393
2020-02-07,0.0977446921466047,-0.1558827865971573,-0.3963691427359949
2020-02-08,-1.0130196881760185,-0.42730921072260303,-0.2232825160957511
2020-02-09,1.3920175017835403,-1.5586183532571802,0.48501671849968486
2020-02-10,1.1113573278756137,-0.9350162881896331,1.5368259101151471
2020-02-11,-0.7091964212606591,1.1161242628029238,1.4352370174967575
2020-02-12,1.8640051967289584,-1.0469322513529986,0.5165472235459098
2020-02-13,0.5972581029659645,1.0157593225905546,-0.5279746285639084
2020-02-14,-1.6603215720712525,-0.09259403699501832,0.5838647390511224
2020-02-15,-1.3432806612487442,1.2325138892066316,-0.1597924902568416
2020-02-16,0.29446708138756633,0.40854162616390644,-0.9035492171322362
2020-02-17,-0.04904012605958341,0.3144428785704,1.1068424395564525
2020-02-18,2.58132410806226,-0.4253759036897728,-0.44815522316974843
2020-02-19,-1.719764602935992,1.0322109010337108,0.10717126247352003
2020-02-20,0.02468765680854529,-0.7240940313022122,0.10263455722639782
2020-02-21,1.3732652499434612,0.4550629663533337,-0.4974644412382428
2020-02-22,-0.36780552799277333,1.3964838169791411,-0.9858548746501038
2020-02-23,0.508088481471167,-0.6670766510944047,1.1921128133323597
2020-02-24,-0.6372028236951771,-0.08810023619131561,-0.3956499392392405
2020-02-25,-0.7240735634591993,-0.6112990604966327,-1.0343959298650744
2020-02-26,0.6129561573234823,0.03947453623556588,-1.5459313347162658
2020-02-27,-1.979617473318329,1.395796205119766,2.373728202463407
2020-02-28,0.27177132765959666,-0.3328379883240671,0.16716874916210622
2020-02-29,-0.22938081904700805,-0.1325734293454138,0.35852945409940695
2020-03-01,0.015369016632814663,1.059893057326467,0.13399585545092338
2020-03-02,1.3576800154466657,-0.49775801939708814,-0.9166520162947135
2020-03-03,0.17030755998311722,-0.2821247028245709,-0.0301256124281576
2020-03-04,-0.6710106590397036,-1.0402401720884251,0.27663114446505965
2020-03-05,-0.41608814677363604,-1.2640916555038895,-0.26156569895798704
2020-03-06,-0.2689554179537105,0.9402278560711707,-0.028176366348972005
2020-03-07,-0.3989022092672231,-0.9815351827534318,0.21722526079586896
2020-03-08,0.246123269046346,1.6920433148735847,-0.08764327151271353
2020-03-09,-0.22727998006679345,2.42546152852737,-1.0616655125196268
2020-03-10,0.7382004021048305,1.118581118339208,1.1080755619826566
2020-03-11,-0.9515448990969341,-0.3491697551403341,-0.3038203959286073
2020-03-12,-1.8260435028920428,-1.653649468873586,-0.27882350407244094
2020-03-13,0.16944998661549124,1.7384319307180391,-0.30241177663322144
2020-03-14,-2.113147035710039,0.9384093371510027,-0.4072221509106703
2020-03-15,-0.18694951813341473,-0.028028601163403298,0.6045018981984381
2020-03-16,0.5400613998684887,1.3521343961492067,1.5295548785239603
2020-03-17,1.0106234850980993,-1.4574667975057267,-0.6473694978932719
2020-03-18,-0.34312102645896114,0.0438639843217864,0.9035636508194342
2020-03-19,2.6875311727027666,0.20795026899092534,-0.3381674302915801
2020-03-20,-1.0787146372121974,-1.018438983206774,-0.32130288387437633
2020-03-21,-0.33110825315317793,-1.0148304578530265,0.5706004743291593
2020-03-22,-0.04679343547886253,0.5131122606718221,-0.19122382778738983
2020-03-23,0.33554363241398644,2.2510176224847034,-1.05928708417827
2020-03-24,0.43276815087203,1.9118958605514165,0.13228704377462766
2020-03-25,0.8260217897105175,0.9706620549083911,-0.6661506174218298
2020-03-26,-1.4085523901396262,0.9263719909763054,-0.7631153974458871
2020-03-27,1.1625825863405255,0.790191675719623,-0.1472935129118121
2020-03-28,-1.125956799549001,-0.882489960821812,1.4258623980917235
2020-03-29,0.21018713041744178,0.9158617225146745,-0.9316446795311008
2020-03-30,-0.9868614098880483,-0.16699641552081357,1.0301463193056555
2020-03-31,1.615435428489933,-1.274878088663184,0.11856349439321942
2020-04-01,1.886827949960981,-0.6507661877213282,0.07088400289139486
2020-04-02,-0.04596629217403013,0.5240448159500504,1.339470954583269
2020-04-03,-0.030503332889461728,-0.47426478794820215,-0.8835347373294213
2020-04-04,-0.6402379002549518,0.5994091936576147,-0.015104198982936946
2020-04-05,-1.500484033180717,0.5572998322847176,-0.2606111777729563
2020-04-06,-0.6006541529840993,-1.1426217266014553,0.055776202147141
2020-04-07,-0.7676693010166724,-1.1337682021794393,0.36068538189383675
2020-04-08,0.542512588346462,2.6674351126288336,0.8191256736572557
2020-04-09,2.674457026178895,-0.6798329429636758,-0.2907196922518146
2020-04-10,1.2988622809163513,1.066393168261268,0.8929750875537281
2020-04-11,-0.28970407866650094,-0.1729953989093113,-0.3701319878765658
2020-04-12,-0.5205543415206857,1.855889391611524,0.07208989053055936
2020-04-13,-1.323404628637104,-0.7304181934796847,-0.11243663639721364
2020-04-14,-0.23404688015549197,-0.7116690063189735,-0.5623292703802637
2020-04-15,0.6847086635985273,-0.8553980470899424,0.7951178569838325
2020-04-16,-0.4760951443189641,-0.24205487508356552,0.7740448696936563
2020-04-17,-0.3984724235713919,1.517680281724469,-0.07592572840577769
2020-04-18,-1.5978300610739693,0.10271125273922802,-1.2367383885140562
2020-04-19,-1.4776900831580198,-0.5866886938889802,-0.08807582138180774
2020-04-20,-1.9969808932944997,-0.5173083964410757,-1.304302720634672
2020-04-21,0.08862115394161779,0.4427203505467026,0.1691931834460116
2020-04-22,0.6048838752007725,-1.290665588738549,-1.1667367074622845
2020-04-23,-0.16259321332005727,0.7066882086398802,-1.508024540333672
2020-04-24,0.598057267070305,-3.1221619613104585,-0.2978464150663076
2020-04-25,0.4762695217733015,0.3300347973429823,-1.1344261486257097
2020-04-26,0.9684891688033325,0.8531930400586768,2.304870532946165
2020-04-27,-0.8623585939488765,-0.5626717194661083,-0.44491383691000025
2020-04-28,-2.0278060638677946,-0.23344313530975253,-1.3649282702602106
2020-04-29,-1.675807923118127,1.1607491397434504,-0.5181646374202086
2020-04-30,-0.6244651173126056,1.606602590337285,1.245040576619258
2020-05-01,0.18647690493081426,-0.4164749435374772,0.41617038130318423
2020-05-02,-0.2739884456152825,-0.3826129261301236,0.4989338954279974
2020-05-03,-0.2568555129766079,0.874075967299889,0.07623876970865828
2020-05-04,-0.007871000321670365,-0.7002501593726005,1.1699053009419784
2020-05-05,0.8987690793592584,-0.1809871300328944,0.8338448862203313
2020-05-06,-0.20015279909318742,0.5117269619096475,-1.5327908792224736
2020-05-07,1.8588974086252816,-0.2887871864864192,-0.9183106699288985
2020-05-08,-1.2575417124528432,0.34360004733812927,-2.176680442813635
2020-05-09,0.48107245226818984,0.34665313461102387,1.3979967805681743
2020-05-10,0.7568266153797837,0.519281148041555,-1.3621532510990058
2020-05-11,0.06454484139466349,0.9071610070961877,0.3878804184961429
2020-05-12,-0.6107770516312335,0.8611456416065011,1.1108639545765784
2020-05-13,0.4546741765684606,0.058937411161853165,0.0005582959446833674
2020-05-14,-0.11730565177652068,-0.6809193660208818,-1.3912137593910996
2020-05-15,2.6935342176216652,-0.41703640459214525,-0.5722158348930442
2020-05-16,-0.6777158744804929,0.7094292407696337,0.6486559166185322
2020-05-17,1.4378891806444967,1.178533370768032,-0.10381539669002443
2020-05-18,0.8709398225596771,0.7844207755675242,0.9615327831363178
2020-05-19,-0.2803079895072105,0.2320512922323323,1.1898301310379136
2020-05-20,-1.1438109597438642,-0.4009954144441984,-0.13074085408497374
2020-05-21,0.6962141698466082,0.2102228869713637,0.35389827485875897
2020-05-22,0.6419830938629396,-0.5790747108637619,-0.31276069279617535
2020-05-23,-0.8390343520371609,1.2658925702372466,0.5807414483398325
2020-05-24,-0.03670195037368306,-0.09324072392950766,0.09355534009481668
2020-05-25,0.3217384939189566,-0.47419538201782463,-0.9930310998897299
2020-05-26,1.4775754819866143,-0.20548954965342664,0.7086842807795046
2020-05-27,0.22369759483750917,-0.4461857515155863,1.353433010155634
2020-05-28,-0.8132531655076017,0.669082447024116,0.8806680330216299
2020-05-29,0.1361052039472571,-1.395570584060685,0.16474656935525786
2020-05-30,-0.2961151280795671,-0.05739853199219589,1.9097642906316221
2020-05-31,-0.1846931240073186,-0.8350386074288004,1.0667867407866434
2020-06-01,-0.6935571463770073,0.22919628869783695,0.0035663913921965794
2020-06-02,1.629380377218442,-1.5103711651866258,0.9067537843073308
2020-06-03,0.3181080933666355,-0.9405891261731983,-0.31871627748029135
2020-06-04,0.11071103346653519,-0.379630177254838,-0.05140486430609481
2020-06-05,-1.8137159950741022,0.7601427512766379,0.3063590953386231
2020-06-06,-0.9465078918147978,1.49901157232892,-1.675210087791825
2020-06-07,-1.4785365486041306,-0.7067789118375547,-0.020245283663529002
2020-06-08,-1.8056901960988212,-1.2887233784983927,-2.8308600449005774
2020-06-09,-0.8653311469471581,-1.1019537320431652,-0.8186000490829174
2020-06-10,0.41662472495661,0.0057474802505496254,-0.11524085135204136
2020-06-11,-1.2510652849627106,-0.5275430623914369,0.369372833363428
2020-06-12,-1.6796476603719555,0.9709657624562827,-0.4537307581849591
2020-06-13,1.5106542976012127,0.24719067340121345,-0.8800141615033027
2020-06-14,1.2645945102433669,-0.8889471631822997,-1.2488243992873682
2020-06-15,0.9635032807938337,0.11601204830033394,2.016610885676137
2020-06-16,0.6334518628699652,1.5920313616171873,0.797967469520516
2020-06-17,-1.5162520698211652,0.16181635418492007,0.6528388243243337
2020-06-18,0.6997911079649749,0.62472783574893,0.6122713392021192
2020-06-19,-0.48777816106342914,0.017439870687440278,1.8303091328926633
2020-06-20,-0.9407791522672154,0.7371428576693342,0.06723260960698241
2020-06-21,-0.6028726193859153,-0.3767290555833496,-0.45732746984648737
2020-06-22,-0.50165411783977,0.1635596547321869,-0.3977271084888553
2020-06-23,0.13922523432186076,-0.21703775087024677,0.2154672225481209
2020-06-24,-0.2828201749734556,1.5381887578781417,0.6575556630277746
2020-06-25,0.3515320344167915,-0.3814839641779726,-1.312188538579608
2020-06-26,1.4783596362235423,0.3159460462666906,1.848280352567936
2020-06-27,0.30120925280113486,1.462180697977883,-0.2234479219274831
2020-06-28,1.2743236936563485,0.12603607910679854,-1.5959953900054171
2020-06-29,-2.6630329282026985,0.9306889734107812,-0.26987448021539595
2020-06-30,1.283125251885079,-1.306378738813113,-0.009840896848604678
2020-07-01,0.20172476983065765,0.45659340087687283,0.047365440558558625
2020-07-02,-1.312124857400559,-0.6997060347787418,-0.20030479970864234
2020-07-03,-0.9252397650802805,-1.8374848464750344,0.2581967667867557
2020-07-04,0.06735571836823182,-1.568390873152477,0.22212726190422222
2020-07-05,-1.0984681633632332,0.41075683751894276,0.296783263249739
2020-07-06,-0.32264692051678984,-0.7505931967411452,1.8329677739393053
2020-07-07,0.37011522996211443,1.4143869508997495,0.44548057039571104
2020-07-08,0.49958776934557286,-1.458327113516929,-0.8273023945065717
2020-07-09,-0.14947678162133324,-0.19555325303894056,-0.8138945016277457
2020-07-10,-0.18720161975570818,-0.04553563362381911,0.6245900423908884
2020-07-11,1.120966444523916,1.495959500571604,0.33416887010995855
2020-07-12,0.20471809974048039,0.10472390039966072,-2.223398702973876
2020-07-13,-0.16276893287229804,0.8906949515904341,0.8713949113076559
2020-07-14,1.9857206553501765,0.21184065700384694,-0.916126703679184
2020-07-15,0.3262831283165134,-1.9383407632663192,1.8834417727492123
2020-07-16,-1.2634962947031771,0.7786973537570543,-0.5789058277395568
2020-07-17,-0.38097856745814035,-0.3338867958397571,0.9798196181439935
2020-07-18,-0.8801150892195687,2.3342587173568092,0.7158360328010663
2020-07-19,0.14612280039548095,-1.2654042574482685,-0.6445381108046154
2020-07-20,1.4513557010201863,0.4156330711966381,-0.9215662173719527
2020-07-21,-0.035156545874219555,-0.06333617938931431,1.866360329643814
2020-07-22,0.871251043396717,-0.06288839933711333,0.37277502477074753
2020-07-23,-0.7740385382135132,0.992232525488797,1.0350418129707772
2020-07-24,0.17297040751097958,-0.588590742590014,-0.4227841944312532
2020-07-25,0.5292392393031317,0.5725294609466466,-0.4513200130008249
2020-07-26,0.637523528242286,0.2218413730199736,-0.5513221078929971
2020-07-27,1.7087207596054201,1.3719726625856268,-0.13965987069825525
2020-07-28,0.7106857363369503,-0.4736640751184941,-0.958920325790535
2020-07-29,-1.2437112104336019,-0.26575251883886714,-0.200951150368297
2020-07-30,-1.222524180317499,-1.0878705406371245,0.8334351556073931
2020-07-31,0.4945512218456719,0.4646917177338405,2.0405932040870853
2020-08-01,1.1819154464565598,-1.3494622407802392,-0.8868274365468818
2020-08-02,-0.9458234830500872,0.09050477788362221,-1.3831174160495225
2020-08-03,-0.3804529665226767,-0.4408493153103947,1.2910418867735216
2020-08-04,0.8568291971202529,-1.9276795608313935,0.11546896811842221
2020-08-05,0.19923054533821857,-1.013916292326545,0.22688894605057291
2020-08-06,-0.21068839783976803,1.0450803786219627,1.7277704182033145
2020-08-07,1.4678209111984515,0.7978769486999826,-0.704695572525652
2020-08-08,-2.6242394858660436,-0.5345295059915798,-0.1968104849623226
2020-08-09,-1.164945060155121,1.3045901011586083,0.24835373581200715
2020-08-10,-1.203411687115547,0.8358060397850906,-0.8835416389166761
2020-08-11,-0.36034423025245305,-0.9425854410485119,-1.4116967590537228
2020-08-12,1.117231303436386,-1.0365698800666934,0.5883384663498019
2020-08-13,-0.6077655840525114,-0.5038013064224428,0.15502213553114855
2020-08-14,-0.3816430283521321,-0.736675360189421,0.3264897286951219
2020-08-15,-0.9422502277285543,0.13777864340128068,-0.7835062735003603
2020-08-16,0.5997209602983431,-1.0133893457159653,2.876423271427626
2020-08-17,-2.30812174308898,0.7492536918338498,-0.8253027054025248
2020-08-18,0.0050832678974778766,-1.3514229106378055,0.452612561645446
2020-08-19,2.320283528486434,2.036239809431706,-1.1564268904607613
2020-08-20,0.289475277156539,0.4770698871758571,1.0671851267174874
2020-08-21,0.6395127807192317,0.11062571246837165,-0.5575714610030377
2020-08-22,0.5708102882274967,1.259393138015324,0.45550755173780305
2020-08-23,-0.6659044233838941,0.3977950690399579,-0.42454575584078624
2020-08-24,-0.13626470972498372,-0.0031758301944071706,-0.8575946728954255
2020-08-25,-0.46157239634300284,-0.1548876381111912,0.28640929194775
2020-08-26,1.0602121688711839,0.5296275815374389,1.3441818747072636
2020-08-27,0.6564741800390457,0.20175760731533474,0.6254316271983104
2020-08-28,-0.55002700379739,0.936540174219555,-1.964863431316724
2020-08-29,0.7535741636178497,-0.3930885325911323,-0.5465473000666339
2020-08-30,0.5608799529792508,-0.5874301772958672,0.9020771160203831
2020-08-31,-1.3561299902838153,-1.0153386333842682,-0.12753958697767662
2020-09-01,1.0760907624720837,0.3584433942042799,-0.9663217174415049
2020-09-02,-0.39112784909736653,-1.502154950367167,1.043796844880701
2020-09-03,-0.5236167394990315,0.5562184038449366,0.6826847259379307
2020-09-04,0.22433821190047581,0.0545666118001294,1.155727049796581
2020-09-05,-2.037715373700796,0.42306011255026893,-0.5570389380596926
2020-09-06,0.274098204766344,0.22652901433366218,-0.35819073140919855
2020-09-07,0.23473766468098714,1.6138062268328075,0.2422145285775329
2020-09-08,0.6041706014053189,-2.301583933045639,0.18593622881492616
2020-09-09,1.0516108365951953,-0.49900020665884226,-1.9165366377037192
2020-09-10,-0.7589144439206629,-1.1716414728286273,-0.540841674324135
2020-09-11,-0.9431405763452699,-0.4700163117261358,1.0493773298498148
2020-09-12,1.0812579242981046,-0.41471304829144034,0.8659204458404057
2020-09-13,-0.9129387061907916,0.8016620921935976,-0.03846473971242122
2020-09-14,0.14528209168473788,-0.6969647485172237,-2.750446920684802
2020-09-15,1.5323855539666233,0.4353947377257344,0.42762018723211437
2020-09-16,-0.41583854684772287,1.4809252465598688,-0.2517806708923252
2020-09-17,-0.7356317709168879,-0.3777714449581336,-0.6892398133857204
2020-09-18,0.09182552425976014,0.5977049675551086,0.025100288917264794
2020-09-19,0.8814312801800702,0.03593351359836153,0.8488332670870331
2020-09-20,0.3367866140254973,1.0264420899276367,1.1688301681233795
2020-09-21,0.03825856449805027,-0.3764827966441883,-2.0568497108169685
2020-09-22,0.12192565005151307,1.6836336935993907,-1.6178501426480167
2020-09-23,-0.38509336260786653,-1.448044968166077,0.5683484266109499
2020-09-24,-0.5563777342377676,-1.1008504448464889,-1.4694326547604983
2020-09-25,-1.7874888851890716,-0.39441432281175665,2.179849645598095
2020-09-26,0.13210987162290838,-0.4402154013960347,-1.7493366932187302
2020-09-27,-1.0181001504141176,-0.4451983473092256,-1.0365810923470071
2020-09-28,-0.28807045478107546,0.9737659796680276,0.38286753287563535
2020-09-29,-0.870772460137954,0.9061941061586101,-0.5359797390961116
2020-09-30,-0.19389732251918923,1.8152736501752855,-1.166386263149995
2020-10-01,0.825530412469582,-1.3918373094267094,0.7085556339576212
2020-10-02,0.20550079531336737,0.8521438689190303,-0.49211713276825414
2020-10-03,1.1781619618646324,-0.36127899323626905,1.1478151087627941
2020-10-04,-0.32475101395578,-0.0794227947851326,0.261841919606075
2020-10-05,1.3914943446684165,2.783201318033416,-0.24814461441210212
2020-10-06,0.8154582183459446,-0.824364778970824,-0.12806632144216082
2020-10-07,0.22701284278205133,1.1541077931631645,-0.1730855317323843
2020-10-08,-1.2836329763620384,1.7700609092926476,-1.4256116148045712
2020-10-09,-0.7489716668583959,-0.006910428960733994,0.44539814473912825
2020-10-10,-1.3023217558790228,0.15665553599831117,-0.8012526691134833
2020-10-11,-0.3905898775267667,-0.5381091899682735,-0.15505609491198863
2020-10-12,1.121686858539949,0.3742528387952562,1.9822471577160083
2020-10-13,0.31518958713240625,1.246722696634351,-1.35674307463966
2020-10-14,-0.02823074751946336,-0.36155475544245214,0.13162661931158928
2020-10-15,0.2510363517839666,-1.3645885880659023,-0.2808338283977597
2020-10-16,0.07806888765622617,-0.30365948553502886,-1.2709333546069785
2020-10-17,1.3305285521417376,-0.3764121464302644,-1.7181390447207627
2020-10-18,0.713999051381575,2.087854544038354,1.0384006446172793
2020-10-19,-0.2218151011056608,0.09025325659139954,1.1582364747355245
2020-10-20,-2.278350576351708,0.18024192962449334,-0.15916046736160466
2020-10-21,0.38529133393389964,0.01322812538090237,0.5367319170650395
2020-10-22,-1.3917290841994865,-0.6118555866302771,0.2528341470629283
2020-10-23,-1.8281663970085207,1.7513902285972343,-1.4899506205520356
2020-10-24,0.5669792633953931,-1.0512331348939266,-2.692699214255999
2020-10-25,-0.22731807009922297,-1.309361521448154,1.3497442719725665
2020-10-26,-0.44649877004942007,1.284236756193614,-0.2585293908769901
2020-10-27,-0.7208654524058102,0.11325813309720763,1.6064184174283052
2020-10-28,-1.5795914019258246,-0.15029418169468903,1.478122933051009
2020-10-29,0.21478510867345701,1.4282350880725947,0.2489798092880022
2020-10-30,-0.33087477177127717,-0.2847970436751365,-1.3569123759896546
2020-10-31,-0.69050893114717,0.6563656878530386,0.4031031232527161
2020-11-01,-0.6390500388702117,0.16221864111046486,-0.6987593621196907
2020-11-02,-0.461031964847297,-0.5387225688799002,-0.02412559925308891
2020-11-03,1.0831611215675843,-0.8610759777074086,-1.723170760733667
2020-11-04,-0.27664653745496975,-0.20224321104491594,1.1788042415064524
2020-11-05,0.4410831536081931,-0.02608908011041417,-0.9668308062446136
2020-11-06,-2.269262161083675,0.19575554898399833,-0.015045871497025349
2020-11-07,-0.30161082484826646,0.18403050598682272,-0.19964331713741298
2020-11-08,0.712127524764922,-0.18039947997193395,0.5171965021048114
2020-11-09,1.1831348680771334,-0.20381353386516488,-0.16377801880192647
2020-11-10,1.3702561719272746,-0.08582325804339822,1.191730676743794
2020-11-11,0.00015298587296412567,-0.5909123991134364,0.2191947805526378
2020-11-12,0.2655267039509205,0.7013578825296435,1.3330557395964202
2020-11-13,-0.8498605237507979,0.654022341326091,1.3499408951703538
2020-11-14,0.9368684583735915,-1.4946211542069234,2.1250024213737637
2020-11-15,-0.8092811849613752,0.33133352136763844,1.0403132787884979
2020-11-16,-0.45432931630664386,0.05999513697512557,0.2854476123473033
2020-11-17,-0.1532240320830336,0.7476664222404024,0.39442304865058353
2020-11-18,0.03961944610199713,-0.6961753608161859,-0.8317193228437552
2020-11-19,-1.5022423930675788,-0.8269693478599288,-0.03877278348445944
2020-11-20,-0.4170899134270768,-0.059917186955268736,-0.870668678257391
2020-11-21,-0.28716324896839657,-0.0709596034847239,0.9702806962178256
2020-11-22,0.10187992869792348,-0.49539192137127325,0.29252701792967867
2020-11-23,-1.2673780348725094,-0.18885681883464692,-1.6468556232672007
2020-11-24,-0.6176865716622879,0.3329989936216961,-1.928926272008786
2020-11-25,-1.0877875235634076,-0.26338581101935754,-0.6167589240936285
2020-11-26,0.39686644466382637,-0.838439672799535,-0.1532826177136241
2020-11-27,-0.9698576160289232,0.7971049901486784,-0.9754167883127254
2020-11-28,1.3561076976445252,-0.6696098811022008,0.6530284170881213
2020-11-29,1.0575945249387497,-2.018576481846064,-0.6888913739391851
2020-11-30,2.549013283453776,-0.11572330111845254,1.5566447209105558
2020-12-01,-2.434818917914956,0.5610251097445478,-0.9538871119256659
2020-12-02,0.6015647894703697,1.4351499181709702,0.7288405107532738
2020-12-03,-0.9628993089637705,0.6668225201785158,-1.1556000672212212
2020-12-04,-0.3097167254174343,0.8828509564952982,-0.5183663910199541
2020-12-05,-0.9244298795132848,-0.476707423372665,0.4302189187578684
2020-12-06,-0.9875930713506414,0.8434690167227097,0.20694769854767978
2020-12-07,0.5736390187289948,0.6422739084009412,-1.1706458475070733
2020-12-08,1.8329781656383541,0.6705339898764837,0.4547903101203989
2020-12-09,1.1838569235244767,1.3290566881048516,-0.7316994406905015
2020-12-10,-1.1134652795933926,-1.9536183242852758,0.8795436666674208
2020-12-11,-1.3671748702133164,-0.5854198412261441,1.0496800829849045
2020-12-12,-0.3015740797182046,0.7445079948287211,-1.5251672432433707
2020-12-13,-0.43091041009333814,1.9741861247702661,0.1295804563252887
2020-12-14,-1.2722438243441259,0.1594997985527092,0.46846866015123223
2020-12-15,-0.5485929359214391,0.6605480644364756,1.747552833043825
2020-12-16,1.219089271306602,0.9485603494560758,0.7433194925911142
2020-12-17,0.04567116265647293,1.2171778557517887,1.2163219030571841
2020-12-18,-0.4747961649451001,0.810944157538194,-0.37370471930476196
2020-12-19,-0.16414181269039388,-0.47886622115673794,-0.8646336062496245
2020-12-20,-1.256426651362566,-1.315743427731371,0.40478547039260493
2020-12-21,0.8825891057413731,0.3490654569228749,0.46930152517363327
2020-12-22,0.21372226993881643,-0.054522930803728296,0.45142430153335006
2020-12-23,0.03136147444540725,-1.4389194817857256,-0.00817686761187307
2020-12-24,-0.7238655268415557,0.6615202857073237,-1.575515173830348
2020-12-25,0.6592569128447089,-1.5196363957807608,-0.6685951769833374
2020-12-26,0.9158638668807693,1.349878108349408,-0.7860879667792275
2020-12-27,0.6479507009519341,-0.4622403464990183,-0.943473930641352
2020-12-28,-1.5533934857105474,-2.1373333631950193,-0.9932180248359622
2020-12-29,1.6193759196806856,0.9969542705559669,-0.4077645583977486
2020-12-30,-1.1772836805750142,1.8952624946311938,0.2696611641192636
2020-12-31,-0.027109980610158246,-0.057344911736333555,-0.9983297926868471
2021-01-01,-0.02071039987045039,1.1794446219697925,-1.5146870741819078
2021-01-02,0.5199404832648221,0.9038257989325188,-1.0845373082540293
2021-01-03,-0.117574544198899,0.35221322314383413,-0.06043061748900594
2021-01-04,0.5821728917765485,0.1906381899944781,-0.14632350441407033
2021-01-05,0.5175922586515466,-1.0828655590813518,-0.8427977100674084
2021-01-06,-0.1896858514980235,1.4443802609135408,0.4248078450272289
2021-01-07,-1.0307884519969808,-0.7072383223933283,0.37878435042593295
2021-01-08,0.2494090255304444,0.015567326325437697,0.32737209818989227
2021-01-09,-2.0646020967772416,0.7054604735113951,2.2853246220950143
2021-01-10,0.20041668214274524,-1.267732954856963,0.6962421829029821
2021-01-11,1.3201710079614823,-0.6882456531094253,-0.6049434890047184
2021-01-12,-0.2487369905825596,0.3065792885286631,0.7512856241820353
2021-01-13,-0.13580465079338488,1.5345231377905404,-0.1281023866993783
2021-01-14,0.39791359293741935,1.5841326726948517,1.724003914728477
2021-01-15,-0.6345971387885763,0.17155129421439635,0.7777619199485766
2021-01-16,1.4971097710348302,0.3933667868835542,-0.5220391863356275
2021-01-17,0.3278421168930206,-2.603564627158797,0.6841512454813955
2021-01-18,1.3745214526801712,1.4302556439312901,1.5865948945483725
2021-01-19,0.08241168946880968,0.3717110827868782,0.5607088282194811
2021-01-20,-0.14413702451793264,1.7238883556920652,-0.4382925876053486
2021-01-21,0.2268675448359533,-0.8134672041487323,0.19035883702393908
2021-01-22,0.8620452646571626,-0.24111640144645766,2.5552520014638525
2021-01-23,-1.0967889136254645,1.687578261057618,-0.11460509538372177
2021-01-24,1.9630164678415039,1.0536905164957222,-0.16008476659299314
2021-01-25,-0.37489935138424785,-0.6385831761674152,0.10728961920248828
2021-01-26,1.0985750243905426,-1.0906836268413214,0.44501643747364533
2021-01-27,0.10150011693182115,0.14377259456525954,-0.1640893411343854
2021-01-28,0.9866656796897343,0.2876041380377244,1.6499782505822842
2021-01-29,-1.1211475553864343,0.9126825920860127,-0.2738669652040367
2021-01-30,-0.49291555858954683,2.3549947167550926,1.790258761984404
2021-01-31,-0.21601443315606264,1.2475834807016946,0.7753452468757457
2021-02-01,-0.9746956436122394,-0.677883136024702,-0.6417259516465801
2021-02-02,0.2779700834592137,-0.7731937227651764,-0.03356855902792253
2021-02-03,1.0983061835710362,0.6239673723814891,0.14328939923666711
2021-02-04,-0.22064734923007803,-0.22765794598683314,0.044694911109932366
2021-02-05,0.09768640089890343,-1.5249313699708196,-1.412243059230381
2021-02-06,1.5828570937261366,-0.3948982168990503,-1.1093495874297492
2021-02-07,0.5886729757529746,0.19285610149621307,-0.35824343685103127
2021-02-08,0.35326819186026154,0.110267512132536,-0.012054639053674595
2021-02-09,0.8516928666808142,-0.07030329176051477,0.04799444553384204
2021-02-10,-1.583197189596539,-0.3943723970742424,1.633277017240589
2021-02-11,-1.097097122602083,0.9886449692381072,-1.5913669201454592
2021-02-12,0.4326733410464547,-0.9471484127195297,1.0195641650496945
2021-02-13,-0.1478168871931389,-0.03136687540149258,-1.5252009047757087
2021-02-14,-0.25201324112871576,-1.5994250990554029,-0.8727941925176228
2021-02-15,-0.03734341162453488,0.5129220250158908,0.9115324063277056
2021-02-16,-0.24550198407680202,0.08348625112134037,-0.2375547735957706
2021-02-17,0.04269317926258177,1.2120950948496523,0.30950485522274457
2021-02-18,0.8558822315422124,-0.5278499323316665,-0.6946945692645773
2021-02-19,1.3624679644809168,-0.6372640240203529,0.8501730338470861
2021-02-20,-0.4739762199950722,-0.2812516589431988,0.15210440695005542
2021-02-21,-1.7885705915549361,0.042618786500380465,0.7404143327940922
2021-02-22,1.1567298084283422,-1.6495930597818544,-0.6643621494037301
2021-02-23,-1.710525218483863,2.1211070275237285,0.8132282723739721
2021-02-24,1.3473682228879662,-0.16946614724627054,-0.15227730815484006
2021-02-25,-0.00016672174864011634,-1.135812294660785,1.4632606401244372
2021-02-26,-0.16061515403680318,-0.19187496359929274,0.004930529026619737
2021-02-27,2.204247005190115,-0.09772728995884902,-1.295620221508396
2021-02-28,-1.1268827174996914,-1.1534347436962211,0.2395442599464161
2021-03-01,1.5669785819581137,-0.7339887858711467,-0.05927269899114511
2021-03-02,-0.2624680540217223,0.44911635328708027,-1.03891170180035
2021-03-03,-0.8799457930980351,0.16798272483972115,1.0627079969258626
2021-03-04,0.023063214190526937,-0.5167407382277349,-1.3999521853028558
2021-03-05,-0.42474957258594337,0.5544063398420769,0.8803266819328892
2021-03-06,0.2398193994814109,2.5132081732728158,0.535725303100411
2021-03-07,-0.364712474149797,1.1802538396615387,-1.7542045565255422
2021-03-08,-0.36254110208542073,-2.0668790096752647,-0.4438075762260974
2021-03-09,-1.1132054527782609,0.1501879120420084,-0.5506004131677059
2021-03-10,-0.9411009269457493,-0.8476363415195983,0.1790372713783944
2021-03-11,-0.41235514630034015,0.059147721591214536,-1.5282470889104358
2021-03-12,-1.3963828530156621,0.21865440117432539,0.2416493446899773
2021-03-13,0.4725808389224992,-0.0877133990020596,0.011457125269279505
2021-03-14,0.28804072359157284,-1.7754851444014488,2.519545217868605
2021-03-15,1.2073570430002276,1.283872459366621,0.07884375790856508
2021-03-16,-1.6984350021100931,0.348555222768138,-0.5408416146020636
2021-03-17,1.0370534755203877,0.12543469172247154,1.8464922904669998
2021-03-18,2.063013413539406,-0.31287200850648444,-0.3133757702113355
2021-03-19,1.4615047043409928,2.0259757556856646,-0.5441782724202916
2021-03-20,0.717282697788594,-0.40469518760264994,-0.11643456011595174
2021-03-21,0.24735771297083056,1.0528512610821197,-0.625794054658278
2021-03-22,1.5437363977308194,1.0480100416739007,-1.0042129311805217
2021-03-23,-0.0872817763501699,2.267977437527806,-0.4505732736151089
2021-03-24,1.6245611996434728,-0.39265629337029984,0.7127532519839658
2021-03-25,0.3611944274271681,-0.8475662096211676,0.035547214941852756
2021-03-26,0.9678561845994179,0.8062875439648199,-0.3085674335972272
2021-03-27,-1.156402036722217,0.1664802284729205,1.1193022281688902
2021-03-28,-0.26788095482459073,-1.3675925179670825,0.11439809627628922
2021-03-29,0.4938677514799662,-0.2933043534546223,0.21577429752642194
2021-03-30,-0.7864117067562202,0.857464487112677,0.4609984220164363
2021-03-31,0.7540832627605084,-0.41142099163844625,1.159686857634411
2021-04-01,-0.953787449211509,-0.8889954935628118,0.053445606231843155
2021-04-02,-1.3042629929865868,-0.28508369408378453,-1.85480138782088
2021-04-03,0.8436258149586653,0.49877809729352657,-0.6572600782231188
2021-04-04,0.15309661642936365,0.6661428013401539,-1.2089474680754222
2021-04-05,0.23717217159441667,-0.8177757918899436,0.654310947775776
2021-04-06,0.2169889457015923,0.5275513002477039,0.43161585783315864
2021-04-07,-0.9185981810839452,-1.1722086402294334,-0.12011082267593078
2021-04-08,-0.9150893085891362,-0.5012592681311081,0.3624541887665422
2021-04-09,-0.38573520353028284,0.18519383679294923,0.13819436792284487
2021-04-10,1.6863305040736776,0.0737495669370528,0.9248017037327443
2021-04-11,-0.07684912576477373,-0.7854708211741158,0.3019431774839479
2021-04-12,-0.6876545704730348,0.38063151556107483,-2.123209754652523
2021-04-13,-1.2931944702461695,0.3768115166649635,-0.16610157324557226
2021-04-14,-0.059266481131292514,0.15002816530487556,-1.5902704610687224
2021-04-15,0.13567246105204375,0.6975048789736049,2.830202090041625
2021-04-16,0.2695474761751783,-0.7833010571214065,0.8280881658887895
2021-04-17,-0.31948689324599416,0.6609622818287021,0.8457648700089195
2021-04-18,-0.12072133737449176,-0.7881366787877205,0.869457464149146
2021-04-19,0.16429957716243035,-1.012319016908907,-0.9315053121412251
2021-04-20,1.1396549459716199,-0.18478010526386568,0.37927458117830126
2021-04-21,0.6298863081217886,0.8038226514232522,0.5186863340432093
2021-04-22,0.5076786530938484,0.3340760726436395,-0.31315051596150567
2021-04-23,0.5835698677446252,-0.2068238551320406,-0.5668307317182334
2021-04-24,-0.21923987082960308,0.8872790347559516,1.30557013144116
2021-04-25,1.2766907100932277,1.241757241078386,-0.22561167528844703
2021-04-26,-0.2582748947986633,0.07525274753179854,-0.45934067536445583
2021-04-27,-0.7601048505995103,-0.6974946137793567,-0.760371468944632
2021-04-28,-0.11728282463114807,-0.34230788763785097,0.31140442657337813
2021-04-29,-0.862511067486839,0.07967948851722065,0.4100732454819263
2021-04-30,-0.03902794715167628,-1.3685346253114272,0.6058896450930759
2021-05-01,0.7117753585331753,1.2039058691276674,-0.3501452849412236
2021-05-02,-1.434471793076282,-0.6850537877720312,0.44309914284802104
2021-05-03,1.3454672778030654,-0.4801318721289989,-1.2550364044272218
2021-05-04,-0.8431261595055766,-0.5145050427252594,-1.0708323705783989
2021-05-05,0.17136791156225722,-1.774608647863544,-0.8570604351002445
2021-05-06,-1.3600823806772693,-1.061789697408916,0.26629550612094016
2021-05-07,-1.4281292304079765,1.3354267384716707,-0.7626584783324135
2021-05-08,0.10256094204196661,-0.1496208174885896,-0.5167494998504114
2021-05-09,0.48505863768155677,0.08722787792960505,-0.3384637192535407
2021-05-10,0.7190133472594553,0.518130991927679,-0.40066757644698403
2021-05-11,1.341258724672999,-0.6937767830388277,-0.3948730245036498
2021-05-12,-1.1287766800477375,1.2346206308538041,-1.2244758783919782
2021-05-13,-1.7185480808195552,1.5863415659082332,-0.9965006639203979
2021-05-14,1.1378756744948233,0.4329258439153899,0.45329185747460987
2021-05-15,0.9412066127821638,-1.4327972860860978,-0.30839772232031165
2021-05-16,1.1654405044334324,1.408369649624622,0.15752123717833175
2021-05-17,-0.12226609319424338,1.0798585978247388,-1.4050658426699352
2021-05-18,0.5954589575832531,0.39409943579604984,0.2708976029214582
2021-05-19,0.6613451483872459,0.07216113336499114,-0.3163608012029484
2021-05-20,-0.7196184559932812,0.3762874295552092,-0.9485146575916108
2021-05-21,-1.9635214850648044,-1.0557648072979153,-0.6892301580135223
2021-05-22,-0.33548960484392926,-0.15997605061132852,0.23226081832018228
2021-05-23,-0.7503927533507492,-0.0656997233069416,-0.28043818217789546
2021-05-24,0.42304560615662323,1.0393893133965681,-0.7236285353840437
2021-05-25,-0.3138815565467228,0.7019506323865321,-0.11209430050640398
2021-05-26,1.7829719373182864,-0.27265141735260323,-1.0641977436637489
2021-05-27,0.001368581951992841,2.1937369335862664,2.4510266901245554
2021-05-28,-0.25538071099842374,-1.3052081151106936,-0.4233973768210725
2021-05-29,0.15825800579911276,-1.1845958635490876,-0.12274981429240939
2021-05-30,-0.9999084962522505,0.8984418859512137,-1.4185168084499513
2021-05-31,-0.6172897000520416,0.3957703744698959,0.7864215607421916
2021-06-01,0.029804950816143774,0.8571352351546723,0.13275921188179854
2021-06-02,-0.2095116660937389,-1.529031551403878,-1.2903893338219976
2021-06-03,-0.1377899186351842,0.1331566413461353,-0.5421734103683162
2021-06-04,-1.3416175155446588,0.6262648989413715,-0.9485859626585053
2021-06-05,-0.7603634842467115,0.620870900961876,0.7594865320109434
2021-06-06,-0.38523589654738577,-0.216286402653693,-0.7339532965755172
2021-06-07,0.3521997761499099,1.222221995318044,-0.3236701461188296
2021-06-08,0.09035939487159492,-0.14327662579802283,-1.3892221113984782
2021-06-09,-0.8967662814524928,-0.7718658560302633,-1.2188042409749682
2021-06-10,-0.7329177840534488,-0.49126630390364273,0.8768966998779211
2021-06-11,0.15434477169713723,-1.287561596732882,0.6428228302045924
2021-06-12,0.059826195393785815,-0.8119214380594266,-1.1727696254566053
2021-06-13,0.8868952694204713,2.2074777654264577,-0.10808427736219607
2021-06-14,0.7413891099817547,0.23006112113635446,0.3809253779076274
2021-06-15,-0.1964903488319108,-0.6167335307122308,0.4529513524713786
2021-06-16,0.6225909192770924,-1.1312900411005418,0.346094168621574
2021-06-17,1.1988819302828706,0.2832512637857653,0.46281601077147516
2021-06-18,0.5147486925319026,1.3580227848724864,1.8050458008139052
2021-06-19,-0.5578832466337326,-1.3293961686414555,-0.6358765183489485
2021-06-20,0.7313341475820994,-0.0326813147025189,0.9872251143612811
2021-06-21,0.3017614100767732,2.4245832659414983,0.5587361294341681
2021-06-22,-0.36879218951907206,1.4932721387940981,0.5708392408737499
2021-06-23,-2.0610369152045416,-0.7845626909787415,2.1329342838762577
2021-06-24,1.085489147719755,-0.32238479371834206,0.503710784913686
2021-06-25,0.5501326398854082,0.3808200393825572,-0.6957071124647295
2021-06-26,1.0496010363356545,-1.0467423415783312,-0.497911960533686
2021-06-27,0.24771667239928208,-1.018516334464917,0.00323244273790419
2021-06-28,-0.6587590958998326,0.4708121765978866,0.2276385970743223
2021-06-29,-0.9982888395446124,-0.6704309605237166,0.19738171212153216
2021-06-30,0.877746077294517,-0.41645461297627695,1.1023523931681871
2021-07-01,-0.7309088223196737,-0.1862021358059446,1.3008859263551282
2021-07-02,-0.5618076510267516,2.082622689248904,0.22726907159539658
2021-07-03,0.546820007470093,-0.4554622545799408,0.8750315379173256
2021-07-04,-1.3017076901869653,0.12440413133217317,-1.0052233242846917
2021-07-05,1.541724732011768,-0.06811103635780662,-0.38098821647630216
2021-07-06,2.134697175864713,-0.7025563889819375,-0.5005566051701154
2021-07-07,0.3457554645534002,0.016115714926208703,0.3729612425411555
2021-07-08,0.9640844271548629,0.3264069049521154,1.8132220831243473
2021-07-09,0.01718465542549267,-1.6290790332503957,1.9792790577759332
2021-07-10,-1.901513865170839,-0.12503640494969206,1.5971774783040324
2021-07-11,0.12197502124036119,-0.29575713359873385,-1.0252715021098153
2021-07-12,-0.8152087671347279,-0.31883110030973677,2.1179773115399447
2021-07-13,-0.8227574262363231,-0.2317219163577612,-1.2610478327380796
2021-07-14,0.5392508606024113,0.19104966148337618,1.156160037005312
2021-07-15,-0.004461263341190659,0.07133159249169922,1.1807148984376123
2021-07-16,0.4843940062251464,-0.5509229753584469,0.10259250485833603
2021-07-17,-0.6903344961347454,-1.0084184217042105,0.861626863355133
2021-07-18,-1.0586695248962874,0.16432237361640775,-0.7647852820458204
2021-07-19,-0.9895776783345563,1.3388989413922285,0.9644630212201089
2021-07-20,0.7112039014722387,-0.2929201988937994,0.2080750860938516
2021-07-21,-1.3731224058157536,0.9891281808287758,-0.45297064925713765
2021-07-22,0.39073432839875494,-0.06051031940214648,1.2639946975824272
2021-07-23,1.070021699076134,-0.1405242567700142,-0.2073466313261092
2021-07-24,0.5173967175610723,0.18744087120227007,0.9647095207619057
2021-07-25,-0.10424456820266072,0.6572046912588717,0.9600042201810165
2021-07-26,-0.13135484823485746,0.8857531911549369,0.45799218333348973
2021-07-27,-0.36556339646051406,-0.5136515281341029,0.6663356227492953
2021-07-28,-0.8222549794343325,-1.0712986263263278,-0.3873437056452663
2021-07-29,-2.3884110022479716,0.8071608065285624,-0.901686068628885
2021-07-30,-0.2583894224582977,-0.24553695811319612,0.9484463122961484
2021-07-31,-0.9767074013602582,-0.6518596073815032,0.7069894141373559
2021-08-01,1.096544178906054,0.2452414188686431,-0.4275050503976293
2021-08-02,-0.36381830925456266,-2.37646877292023,1.8727284030864055
2021-08-03,-1.585503463269501,-0.06177832082729235,-1.2509911687639115
2021-08-04,-0.5561563075990457,-1.2090510805308858,0.6923764542502377
2021-08-05,-0.5112548763059587,0.6886333711582983,-1.184249623635282
2021-08-06,2.5718298418976566,1.0741904309242383,-1.6588603310890737
2021-08-07,-2.2182180833291127,-1.1518426428082473,-0.9422868930845106
2021-08-08,1.4083141322251553,-0.794093302509301,0.4203211083295646
2021-08-09,1.0704452482523215,0.7609635320238206,0.1252814626329824
2021-08-10,-0.1065241781400401,-0.6862085234204388,0.771007542796476
2021-08-11,0.47327311402125194,-1.0621421672058833,1.1274414662294485
2021-08-12,0.797138621433437,-0.7067126669320176,0.5602798088718794
2021-08-13,1.123906332720381,-0.3016270844547004,0.48956110141865217
2021-08-14,-0.373329516301561,0.06672090147953753,-0.31321051621553286
2021-08-15,-1.4991471103201315,1.4669385945603965,-1.0637151669868807
2021-08-16,-1.8404988799124913,-1.007030340395802,1.3977652300876346
2021-08-17,1.286076559496752,1.374548199152336,1.5055114459918995
2021-08-18,-0.8246656225858402,0.7161605777500133,0.09047007202654869
2021-08-19,-0.48890933638215095,0.36928088317848934,-0.5767031300754384
2021-08-20,-0.7109580524005221,-0.8477768762595688,-0.304204391818894
2021-08-21,-1.6547106345453377,-0.1614723496617089,0.5680916659676788
2021-08-22,-1.2482180931447087,-0.6353568145334709,-0.5390710083181774
2021-08-23,-0.0738862410663913,-0.23002086795581844,0.266598279984318
2021-08-24,1.6540639769362366,0.3763171925425348,-0.09880835336202987
2021-08-25,-0.7830298945679027,0.9752115737244504,0.3196588864174673
2021-08-26,0.03932791750826422,3.872991991532827,1.9172746477709486
2021-08-27,0.5011998326132509,-0.3561913554578817,-2.0839894617778087
2021-08-28,0.32253105843715746,-1.1226744533264856,1.9687814830973434
2021-08-29,-1.0127553174684505,-1.5835196642712555,-1.2881536604364177
2021-08-30,-1.8528781668337075,0.5194789524527941,0.7713926834506385
2021-08-31,0.21034837247117796,-1.1046638232950743,-1.0322674397176395
2021-09-01,0.5979558495550771,-1.4385877734250112,0.8555768229216478
2021-09-02,0.6927617986448045,0.8579225087685293,-1.3472897288576002
2021-09-03,1.3507294165237103,0.6547931948227123,0.1937633537191421
2021-09-04,-1.2206146477168078,-0.013273108219412341,-0.022769503955301758
2021-09-05,0.21091561486809865,-0.8991399995007697,0.11567198145561225
2021-09-06,-1.3651943003170945,0.6797777778727192,-0.3167907892196408
2021-09-07,0.5129177237465433,0.6184689683034186,0.7204157369308822
2021-09-08,0.05562132998226124,0.820362584429803,-2.739453633309453
2021-09-09,0.8996363895881725,-1.4795130748607253,-0.9940702889331845
2021-09-10,-1.2338063523295884,-0.6171687603212429,0.6231160472001528
2021-09-11,-0.22577318359215517,-0.6108209661372728,0.8759538326533015
2021-09-12,0.5630687195415809,0.23398476240182092,0.1259164871502461
2021-09-13,-0.6592352004516212,-0.8763228508783907,2.3211797265370926
2021-09-14,-0.24984402406360617,0.5508282863929289,0.8416533308465309
2021-09-15,0.6851557707024354,-1.3084049557285546,1.0772207010934982
2021-09-16,0.5958085871990916,0.22080366832842552,-0.8670304875181436
2021-09-17,0.48503868500257535,0.8280927808874116,-0.4005835740326729
2021-09-18,-0.6182362401876994,1.0226276381909567,0.8545325656604837
2021-09-19,0.5019663130613023,0.9939795672012149,0.6055138036578969
2021-09-20,-0.05875943977452506,-0.3040861255612683,-0.6386768643645845
2021-09-21,0.0451803775327295,3.45731683935053,0.5109381436120889
2021-09-22,0.5716239167288206,-1.0956480133307351,0.10294104766807857
2021-09-23,-0.0033745737577433863,1.2676301981383353,-0.005609991173686207
2021-09-24,-0.29425329632847663,1.2437276282324774,-1.2371525725152714
2021-09-25,0.0149194752471025,0.6184607046658149,0.48111662811502426
2021-09-26,0.35915316040808637,0.841238670396877,0.7083169590469434
2021-09-27,-0.07371476602192772,0.9027912595457174,0.36256435494025835
2021-09-28,0.5680135104084484,0.5924843851747554,0.572271754397745
2021-09-29,0.6520592304407349,-0.2260041534632896,-0.9554385858310201
2021-09-30,-2.5056740159473723,-0.009600253873227244,0.6049296876326664
2021-10-01,0.4104255911209652,-0.6782243282232588,-0.4261183436885968
2021-10-02,-0.7761951607638592,-0.9401966467082123,-0.8718020339765713
2021-10-03,1.3759933907750317,-0.20724370055485175,1.024918902673268
2021-10-04,-2.6996786338188588,-0.17794136428308177,1.7723800047133655
2021-10-05,1.1033316878921562,-0.13166645052019163,-0.4938827430104543
2021-10-06,0.27414439446702116,-0.8653343773566882,0.8107661253074846
2021-10-07,-0.5374383800548773,-0.9468220794814592,-1.5671498545474132
2021-10-08,-0.12188958979726121,-0.8626754216116636,1.045309084107064
2021-10-09,1.1357239690037773,0.21375935159523615,0.03926977968204339
2021-10-10,-2.241665110552818,-1.0091923204533828,-1.2669342490036903
2021-10-11,-0.1779617231793146,-0.05028159537280283,-0.0680329214666344
2021-10-12,-0.12817456601492452,1.3196793999775767,-2.8589440249351465
2021-10-13,-0.2600507013606485,1.4262874488083757,0.5069517140612732
2021-10-14,0.9406367457651247,1.288650545442695,-0.5207657988363619
2021-10-15,-1.1112083004086526,1.52482794001382,-0.6668916779081775
2021-10-16,0.3737747254739586,-0.9937276664154009,0.5557471776638707
2021-10-17,0.9123266864880681,-0.3316877140146593,-0.306335013226173
2021-10-18,-0.34016634044724786,1.082177897258793,0.811837116574075
2021-10-19,0.8471445184886911,0.037635323519614454,0.6657734560317378
2021-10-20,-0.4951511071204268,-0.8956889415632366,1.552241692471548
2021-10-21,1.224253580838747,-0.7211261387022491,-0.35833855828736927
2021-10-22,0.5317155631953133,-0.9943050218038273,-1.1285730542604637
2021-10-23,1.0851054179991533,-0.17038552817201735,-0.3554292448879823
2021-10-24,0.971024915055972,0.19623065193930753,-0.3638573132832507
2021-10-25,-0.45255228735869046,-0.27483473092312694,-0.13420519259220684
2021-10-26,0.9781490502059204,-1.4052505762790417,-0.5160649264110858
2021-10-27,0.1338823490364476,1.3240185401160427,0.8395487578711386
2021-10-28,0.06197666218125737,-1.3828906835362889,1.4417723579394528
2021-10-29,-0.6903426551030656,-0.639488761517175,-0.6712626669866665
2021-10-30,0.4665168659896383,-1.7817336064396263,0.28492607145903
2021-10-31,0.8523819964956375,-0.20395569256278592,0.543036465740971
2021-11-01,-1.6189726999003562,-2.01974527977335,-0.7084903648568324
2021-11-02,-0.26412896472074815,1.4729283130799602,-0.5662833345082471
2021-11-03,-0.5698017716094662,1.9473987799536654,1.7411133088692932
2021-11-04,-0.9651086713308257,-0.6768849603180365,-0.9389569902268168
2021-11-05,0.026844844641157536,-0.10389703773826349,-0.8594513522056523
2021-11-06,1.0202888452522976,0.42493334967527147,0.518776064224899
2021-11-07,-0.27565688157691215,0.6589665408514389,0.11699096855212651
2021-11-08,1.3567452237721784,-0.025121268781445345,-0.011785591837651998
2021-11-09,0.49493585826628356,-0.6671176427627931,0.2054514928259994
2021-11-10,0.03051612218105364,0.07850946274089607,-1.1720938224775923
2021-11-11,0.12066726512756834,1.1523913014471867,-0.3909514012904283
2021-11-12,0.7756120454943657,0.5834530675226262,0.731990506984995
2021-11-13,-0.34330324297255954,0.24344675996657997,-1.3974091527705494
2021-11-14,0.9801736021965697,0.3188700895472409,-0.5403707483119848
2021-11-15,-0.7895977804701414,1.377493046749396,1.5444598904994191
2021-11-16,-0.6462555021949484,1.7055794049195048,0.34586331467317466
2021-11-17,-0.013443973949812706,0.9955539591734054,-0.5097048875071183
2021-11-18,-1.5919403107974124,-0.7405785807140796,1.8605988136133913
2021-11-19,-0.6372604913351216,0.2936846173331829,1.6406470638913493
2021-11-20,-2.5107302578267934,0.7625405364186559,-0.33829457685393494
2021-11-21,-0.5780498729346234,0.32112343016583417,0.644682706588076
2021-11-22,1.0080519441197822,0.3323825792709539,1.0099729659812937
2021-11-23,0.05485225273069011,-0.4649412911440889,-1.9777677858354796
2021-11-24,-0.8856828953492069,-0.1385167903814949,-0.8328250557740524
2021-11-25,1.5902130146922926,-0.08740845994891976,0.7028912166339516
2021-11-26,0.8049016457369562,-1.5396229183780434,2.053469715466601
2021-11-27,1.9382153229258658,1.943552187712547,-0.9591282596867492
2021-11-28,-0.24792195631221786,-1.265800756172981,0.2748807255874376
2021-11-29,0.12003020190173383,-2.1644604527980955,-0.8366698962767247
2021-11-30,-0.1740103260770249,-0.014516360300154981,-1.2493040749215603
2021-12-01,1.7928406686392737,-1.0637466707375909,-1.4593482399293007
2021-12-02,1.6218892557823301,-0.4908430643461211,-0.9036872867015068
2021-12-03,0.4654929441450881,-0.027598266090652693,-0.2206504616915602
2021-12-04,-0.4375398350766087,0.005836678672653693,-0.25807752153576297
2021-12-05,-1.0425926062056687,-0.9927955219078948,1.161011095472804
2021-12-06,1.17298709074346,1.1346880929944012,-0.7805495396294245
2021-12-07,-1.125372155721647,2.465975658598144,0.34868964190374147
2021-12-08,-0.9592381353008916,-0.68892295458906,-0.03023010437421165
2021-12-09,-1.099617979277837,1.0791321700607124,0.8580854922951665
2021-12-10,0.7685678430623618,0.02246098313655482,-0.805717533318679
2021-12-11,0.49683640996042183,-0.7246082075598932,-1.1492867462403333
2021-12-12,0.05402009383785386,-2.888427218197703,-1.2499193719025021
2021-12-13,-0.6588592150295397,-0.1012067317308967,-1.8549137503173159
2021-12-14,0.8471065488828164,1.3111644893818748,0.12304565343068118
2021-12-15,-0.7050725010216489,-0.02411788749128033,-1.7874555397814962
2021-12-16,-0.3736222858789256,-1.7069943454556156,-0.9215557912506547
2021-12-17,-0.10695078373397562,-0.3242667658426213,0.3274619140668029
2021-12-18,-0.2103952330833888,2.3949506122538096,-0.04306041626843485
2021-12-19,-0.5972511417097847,1.2512669397044542,-1.6709873222763256
2021-12-20,0.17516284225316495,-1.2234246396746304,-1.202204544207318
2021-12-21,1.4042465439776777,-0.6431883726139518,2.097910733424291
2021-12-22,0.8349826855082848,0.7586135008900468,-0.5807314683521292
2021-12-23,-0.6567459740883022,0.5631756543834917,0.7764476637062774
2021-12-24,-1.6916492428245375,0.05261598135812126,0.12248526128086663
2021-12-25,0.3559943672907977,1.5808849706430148,-1.008689299512196
2021-12-26,0.05203531964135065,-0.6092205222987261,-1.2826337169735809
2021-12-27,-0.8107536944575898,0.36630553642507335,-1.7757402417515402
2021-12-28,0.4848819792534205,1.6351622495596696,-1.5556760837149253
2021-12-29,2.5779331600043505,1.3448716712478954,0.9519055934069675
2021-12-30,0.015846178014386536,-0.6826897367944212,0.6094320823623669
2021-12-31,1.3561442176638503,1.5004078295412235,-0.38079371863844236
2022-01-01,0.023833919659996355,0.08512546109698202,1.117358325242465
2022-01-02,0.042899331868121136,-1.1022892625503826,-1.682958990581377
2022-01-03,0.19181164452410684,-0.151402477455997,-2.2218282400733984
2022-01-04,-1.3654192756653136,-1.322140162706853,-0.3336867075961554
2022-01-05,-0.521523666861216,0.35962706759499213,-0.18962216537643686
2022-01-06,1.040372020601657,-0.7385268469810158,-0.6719258838203314
2022-01-07,-0.9491475705523975,-1.6448607780522577,-0.3431746994760341
2022-01-08,-1.0071501358142603,0.8725277755108444,1.1503748942481866
2022-01-09,-0.29933851984334625,-0.8117114833278162,1.3029188866586092
2022-01-10,-0.18501737588453743,-0.666659544326387,0.17901837904121726
2022-01-11,0.09431278238097074,-1.7106264829540057,-0.8891558812413867
2022-01-12,0.3839223401558427,-1.446639394636777,-1.1070335194507765
2022-01-13,-1.0505541676948373,0.45675024732114583,1.5543945157153463
2022-01-14,1.3882202340334664,0.754327638792513,1.0172950477515736
2022-01-15,0.15619543173810377,0.7488593954775298,0.9744984525353674
2022-01-16,1.596914426614756,0.4387815622076463,-1.3864936520216855
2022-01-17,0.30906429845333805,-0.3959520460822699,-0.6799076595408163
2022-01-18,-1.34710184025997,1.5404787061695073,-0.8823725335672187
2022-01-19,1.441639912343696,-1.7207113434717138,2.8678910449597463
2022-01-20,-1.0216869781267202,-0.7397547465949136,0.14093776009193992
2022-01-21,1.3619734334559424,-1.0963114017391649,-0.06187720658641528
2022-01-22,-0.6469729843949017,0.09417681890961754,1.2480119366882774
2022-01-23,0.4392566055393714,-2.271645941690379,1.1775227556405792
2022-01-24,-2.9099136993444294,0.3233452696371727,0.02752724764880098
2022-01-25,0.7662587389455956,0.5981769939076571,-0.40267901816411844
2022-01-26,0.6200538060402503,-0.46265062778830374,1.4732874350527727
2022-01-27,0.10042725015563968,0.0780910070765915,-0.8134411152684772
2022-01-28,0.3314690206336905,1.2194188119975315,0.16367729159042568
2022-01-29,0.08864390965525328,0.3096019500967899,0.17577371112653845
2022-01-30,-0.23045565252287512,1.0914813567176336,-0.9074385339363112
2022-01-31,-0.6896914366400358,0.07474053878670191,-0.181925118173053
2022-02-01,1.0553201547838915,-0.21815585471890472,-0.8441795814195342
2022-02-02,2.1099847051045857,-1.3599263302466953,0.07618562214461491
2022-02-03,1.008325295077923,0.3071540295358039,0.9068292954360434
2022-02-04,1.1308554159762454,1.0030446655320493,1.242898920288094
2022-02-05,2.1162706617579623,0.6223164551755934,-1.7001805585014242
2022-02-06,-0.2764142635678481,-0.3173844342303935,0.2500741685148397
2022-02-07,0.4195668735752201,0.0712476312439702,-0.009626756528436487
2022-02-08,0.16663316075497034,0.9367809355200726,0.21555291692466913
2022-02-09,0.17166554202122067,-0.2463682846376827,-0.5140771977370894
2022-02-10,0.8541988731904353,-0.21534367477853364,0.3408462544895627
2022-02-11,1.381443641472213,0.015761835732388867,0.8405127387920371
2022-02-12,-0.5623025347780476,-0.601526677696349,0.8621930871727862
2022-02-13,-0.7843170567109711,0.3007652121973279,0.23276131778965264
2022-02-14,1.5230808556600486,-1.8241682663934038,0.9939312559342613
2022-02-15,0.5906646663144259,0.30884694489165093,0.8512575271754007
2022-02-16,-0.7232141211157433,-0.8211883265284624,-0.49717779497903236
2022-02-17,1.4177256935894251,0.6169713227950845,-1.4127663372113803
2022-02-18,-1.713471473519461,-1.0425674073964208,0.18065304512671632
2022-02-19,1.1783432294235012,1.025347862535127,-0.2044521656262568
2022-02-20,0.060983483106993905,0.531615344204838,0.12357923560696984
2022-02-21,1.2796719277234658,-2.204160612639078,-1.1588930131041186
2022-02-22,1.0064630994003292,0.11879307601925077,3.031959268803338
2022-02-23,0.7236268771719181,-0.17857728123914848,1.4653561869768152
2022-02-24,1.589036272880889,1.6172783348252406,0.917338547506176
2022-02-25,-2.2903619398740167,0.7405116107929189,0.8088553453409767
2022-02-26,-1.8409242882497818,1.0116502318977807,0.14085304670068752
2022-02-27,-0.8436092463345475,1.1103234305509222,2.4348850707977188
2022-02-28,0.7919167098110114,1.1276724664022137,1.0635072465043582
2022-03-01,-0.22588684150175564,1.3430805799524792,1.3456569145344583
2022-03-02,0.13270729142511284,-0.15960426682785234,-1.1542563878557173
2022-03-03,0.8263251438141789,1.4252295915030708,1.6426526511070918
2022-03-04,-0.8886850480542992,0.40084566729727616,-0.38273841501120404
2022-03-05,1.8365312869372075,0.5487947864760312,-1.0551929654064678
2022-03-06,-1.266991726868657,0.8308169526381111,0.4129519753868075
2022-03-07,1.609397470173716,-0.8215069347445042,-1.4423639689698209
2022-03-08,-0.7377787132565794,-0.4677054362686965,-0.4214452152112898
2022-03-09,1.7892206719581676,1.6430806723163953,0.3956132593144188
2022-03-10,-0.19485629757450482,0.8219294761993607,-1.0268331549391996
2022-03-11,0.28445635571720035,-1.6893635390938153,0.7285142578796252
2022-03-12,0.06815268677201398,0.8284726495931656,-1.2621870710155225
2022-03-13,0.0806085204211758,-1.3926397061531104,-0.712720321855067
2022-03-14,-1.2163083268884767,0.6010408519810372,-0.4197637882341358
2022-03-15,-0.5842868395746323,1.6429042553659507,-0.13604950266387492
2022-03-16,-0.3974181401072901,-2.3414277145796043,-0.5095582226207584
2022-03-17,-0.5594069769051693,-0.5423747325469095,0.8594794895611341
2022-03-18,-1.1281976252419008,0.2547786737703714,-0.6539180796432233
2022-03-19,0.5011754119044548,-1.36919669977207,0.40529941233023253
2022-03-20,-0.5633435550126765,-0.9249355794166408,-1.1652416518207962
2022-03-21,1.848930455523626,-1.5229074176291726,0.3134337338470053
2022-03-22,-1.3316780312075807,-1.8317417575871386,-0.8881433057716226
2022-03-23,-1.558345954276197,0.1554946802274633,-0.1196157828749027
2022-03-24,-2.9530980341791095,0.4640386987403604,0.5341935409079825
2022-03-25,-0.8579967526564115,1.224147777653942,-0.027915774760348008
2022-03-26,0.9411621295337982,0.8935596391413999,1.7746347319087081
2022-03-27,1.4832754577448999,0.36316098704134875,-0.02221521403963741
2022-03-28,-1.2511386085208278,-2.2776771641361844,-0.6597368422732407
2022-03-29,0.2716645129545067,0.3505000323174378,-1.1272213918761895
2022-03-30,1.8090640192725378,2.2315704824376517,-0.2976544053553314
2022-03-31,0.8965963717356071,0.10643646019716446,0.7254160478492985
2022-04-01,0.03125326533206962,0.869409088789821,0.37018520606497446
2022-04-02,1.075115046360911,1.4719412362383222,-0.8404232743272404
2022-04-03,0.8239698407087976,-0.5476370384300618,-0.43519528170776617
2022-04-04,-0.4462105271627894,1.2284743039222852,-1.384002802017132
2022-04-05,0.4404397811456305,0.9254142028033144,-2.8301716704376294
2022-04-06,-1.2488089743930433,-0.6597699808066013,-0.7268520404876923
2022-04-07,1.3256134107601054,0.6450783780948545,-0.836863075058994
2022-04-08,2.5333991035570738,-1.1233280073844467,1.6785758496966987
2022-04-09,-1.1912201956211965,-0.0432750379581793,-1.100681336363454
2022-04-10,0.4461462905416612,0.3998737308242716,-0.9358726358176259
2022-04-11,-0.34354851153205307,1.0023165260390965,-2.9910174927248163
2022-04-12,-0.20794535189257563,1.3110399820725567,0.5410177219474331
2022-04-13,0.1190503539087747,0.9480284104634844,0.5032944399390852
2022-04-14,-0.26109578858260013,-1.4317144391590728,-0.4585863309411701
2022-04-15,-0.5893644983446368,-0.29383172744158426,-0.07706729280484285
2022-04-16,-0.4919650090595645,0.08206544086772062,-0.762965443651888
2022-04-17,0.7019238597856927,-0.46587225816438194,-0.2080040169653979
2022-04-18,0.5498374575231376,0.4253455671830374,-0.8509977246377524
2022-04-19,1.6888357674136052,0.6193541841881596,0.6724872921191892
2022-04-20,-0.7170853735139826,-1.92084925917626,1.3148386504137985
2022-04-21,-0.4010606805442902,-0.9904734947396675,2.8119237277106883
2022-04-22,-1.8790184145236348,-0.07498849570947151,0.5903505087767881
2022-04-23,-1.6086275881607137,0.8061161860667673,-0.9979685875569569
2022-04-24,1.0274882908747274,1.1274327616905198,0.00027018827934401833
2022-04-25,-1.3505636408157347,-0.8969155746338026,0.8888231799860129
2022-04-26,-0.02089588801557677,-0.9604720657686728,2.042838248845845
2022-04-27,-1.4420250023057342,-0.9200157555637336,0.07786826337648019
2022-04-28,0.6680658655139794,0.10359523914575512,-1.038137500521108
2022-04-29,0.6425730281195177,0.02846577118345933,-0.22310116206858166
2022-04-30,-0.0585026904359695,-0.3862047493546414,-0.28933155000199023
2022-05-01,0.6318511450677039,0.48464415489328033,0.3065217939141377
2022-05-02,1.4894361885322989,-0.7799941518544063,-0.6181925361017352
2022-05-03,0.997908722278143,-2.5945853321766155,0.5861309730037212
2022-05-04,-1.4627956655455232,-1.4232711327008027,-0.0821786306559227
2022-05-05,-0.8631896073117684,-0.2916074350462874,1.2582792025670098
2022-05-06,-0.22522984438584692,1.3180847386531906,1.0990848185826922
2022-05-07,-0.4836959173437514,-0.468014466125649,-1.2214423479815089
2022-05-08,-0.470846195401404,-0.24669467440132076,2.129760350412792
2022-05-09,0.19688390440688494,-0.5188873331765899,0.1746597453916292
2022-05-10,1.602163281463552,-0.03290050884353798,0.8795580091526777
2022-05-11,0.6047253544021961,0.26988497595617184,-1.324897722015987
2022-05-12,-1.5543627101198336,0.356303637076669,0.129280654539055
2022-05-13,2.763632605619231,0.21836484299213418,1.1137107188788498
2022-05-14,-0.5815993073517044,0.7608535531606523,0.2730386722076513
2022-05-15,-0.6771430316889642,-0.35377270364765095,-0.24566916147785223
2022-05-16,-1.0408331250199996,0.5011396367871811,2.213687388668151
2022-05-17,0.28648051150719694,-0.7815886307561534,0.7747608824943116
2022-05-18,1.8644229834263106,1.0771861632964044,-0.02860614979884644
2022-05-19,1.2855908265348788,-1.1560908713197529,-0.37698722876135543
2022-05-20,-0.5968971657170509,-0.27682366436600964,-0.9127940166650911
2022-05-21,-1.1773256466562854,-1.0213486139089734,0.4488528714916005
2022-05-22,1.2188754355061742,0.7807842256670566,2.630611988165435
2022-05-23,-0.35944171235143546,-0.766460668600073,-0.11712993793416074
2022-05-24,-1.1589625299779285,-0.6779435226268304,1.1749955322705228
2022-05-25,-1.5571426991373316,-0.1770566782073672,-0.5709547662912372
2022-05-26,0.6614077830794088,0.4251212526913819,0.15907756112561136
2022-05-27,1.2228512240131166,-0.4569373937414131,-0.5545857145449536
2022-05-28,0.7462568700049834,0.5138390531729105,-0.6960188372043764
2022-05-29,1.1029180421468905,0.8264798785171426,-0.1229464007254744
2022-05-30,-0.7489715374367196,0.48047257841941465,-0.6947949998509352
2022-05-31,0.23257259963062354,-0.801537935187878,-0.8014701962785704
2022-06-01,0.5877122845770548,1.2765339464304046,0.019251656816779584
2022-06-02,-0.6500624446871348,-1.0290377593112177,0.7744387948307174
2022-06-03,-0.5368850582958592,0.49312358746567087,-0.08167342283873517
2022-06-04,-0.7469873771502424,1.048429338470947,1.0771293708010432
2022-06-05,0.18763451286238841,-0.13439935634104727,0.13853065240669982
2022-06-06,0.755131388095589,1.116452140570914,-0.3408993429394353
2022-06-07,0.9254866041285634,0.403227856376428,0.2614570564998433
2022-06-08,1.3591206880278361,-0.38163343072343375,-0.29195960916007885
2022-06-09,-1.0875601560221668,0.3281194608680076,0.576217403157041
2022-06-10,1.2993138476778632,0.31357276042043075,1.467060829060285
2022-06-11,1.2980947637734137,1.2638928892925057,-0.45161212788869487
2022-06-12,-0.2523942969178016,1.754577575835226,-1.9525035060964406
2022-06-13,-0.37246001128722356,-0.6994067412394612,0.8274616997294585
2022-06-14,-0.41129011158205286,-1.8267335196597494,0.04352881765015118
2022-06-15,0.1154189025691766,1.4484905324447759,-1.2949585516715398
2022-06-16,-0.23654910801487322,1.001302223822057,1.4516977751520332
2022-06-17,0.5440358583127496,-0.9227238858852984,0.22602665343622466
2022-06-18,0.2750179400171656,0.47677034334758484,1.1507336663321779
2022-06-19,-0.6173890722367377,-0.26442187290308283,0.3925664928818225
2022-06-20,1.3290876589494338,1.5989423220019192,0.94065921877336
2022-06-21,2.2939135333966627,-0.7030554441475657,-0.33536645470602067
2022-06-22,0.47961724842883313,-0.4739476979851663,-0.9759419045108865
2022-06-23,-1.2324985469132668,-1.1134684419467105,0.034875702933300425
2022-06-24,0.900581063009026,1.8625482498783223,0.3377351366637819
2022-06-25,1.1708127025783952,0.16592182365275754,-0.8820522154287895
2022-06-26,0.1309200985055592,-1.3001849324134205,0.5320295659522964
2022-06-27,-0.29003347514852684,-0.7200269340747623,-0.7370337524433088
2022-06-28,-0.7632495057182992,-1.1991302483306847,0.5382605596332296
2022-06-29,-1.5897619429236647,-1.6973061990766023,0.3916188200805196
2022-06-30,1.7879456360755197,0.18313333283073446,1.223174946612951
2022-07-01,-0.27672477530098316,1.202178204141473,0.5810954819442852
2022-07-02,-1.3901003147243924,-1.6317354640537456,-3.289780466447381
2022-07-03,0.25873216421085976,-0.2389319280246489,-0.36438485417874966
2022-07-04,0.17629386704746972,0.253712449286328,0.1945253685967693
2022-07-05,2.218840592863083,0.6775515626050459,1.1605456892258788
2022-07-06,1.618227999185603,-0.2655804239733144,-3.0253228345125716
2022-07-07,-0.06429621709193346,0.4539299206451191,-0.3722206766841494
2022-07-08,0.9468735189489914,-0.1829537459949006,-0.10782175523158903
2022-07-09,0.6193839771649343,-0.15950470746502993,-1.209363591063191
2022-07-10,0.22885369895042149,0.45704229746197594,0.03976884314765754
2022-07-11,0.5763412383502845,-0.8416903777839232,0.7862446594927215
2022-07-12,-0.4503795820278347,0.47809687900829684,1.156432070784936
2022-07-13,-0.63777629012058,0.21533198672454484,-0.7030026133678172
2022-07-14,-1.6420847453035128,0.49463987899069023,0.3007493023186949
2022-07-15,0.17832200792156877,-0.9347004332767661,-0.7316969328315409
2022-07-16,0.9155026782882072,-0.4141194294300183,-0.39850813314453526
2022-07-17,0.6969473892372385,0.361415563955657,0.3856455772436925
2022-07-18,0.6556847282182087,-1.4189302691610028,1.382722059644504
2022-07-19,-0.03374026568149005,-0.21276111801187977,1.62006710773572
2022-07-20,0.8582518373927126,1.1352848944883724,0.42088610103428054
2022-07-21,-0.11920131158893753,2.3892310327781203,-0.2840478606251248
2022-07-22,0.02767582801927065,-0.33447058914937133,1.191292845589041
2022-07-23,0.47450273287705974,1.0569186329616966,-0.6973346025070863
2022-07-24,0.3123854646495657,-0.01798557179911236,-0.05970447223033959
2022-07-25,1.1269790017596846,-1.0388080142242626,0.8166730213604225
2022-07-26,1.049986443661742,0.02526366503999056,0.1919609718275555
2022-07-27,-0.41045588467747335,0.3945373595902337,0.6508364247063201
2022-07-28,1.0556779613650336,0.015208602962281484,1.9059037243167252
2022-07-29,-0.400841840661722,-1.0971292762760416,0.761366400682444
2022-07-30,-1.3884945857177593,-0.40225319275120697,-0.40398813703599973
2022-07-31,-0.5362894382386446,-0.40659813463909744,-2.286393073168766
2022-08-01,-1.115962569304876,0.060983492580658195,1.9013743386801376
2022-08-02,0.8183781286470718,0.6559576223936261,-1.0617461625602247
2022-08-03,0.36276122207817063,0.5880370385868003,0.7146421423785946
2022-08-04,-0.3682054545724773,-0.06192584276258306,-0.20094652107777597
2022-08-05,1.268170306122256,-0.2849516571542367,-1.0047967826290567
2022-08-06,-0.3040397589649842,0.46046474906921897,-0.47221864745292874
2022-08-07,-0.6917666467911332,0.6517983414800158,-0.5234123302072299
2022-08-08,1.448394536916648,-0.5729202377777858,0.41142266194850324
2022-08-09,1.437067088664895,0.7901169598586395,0.1292854109848645
2022-08-10,1.3519012446907563,-1.0572436639798424,0.7674835881020956
2022-08-11,0.7692529923938257,0.5291469622189029,1.185493149271242
2022-08-12,-0.010667225459992316,-0.24073335486749978,1.8589002923344995
2022-08-13,0.7436361124677305,-0.08133354214963624,1.1628913922132467
2022-08-14,-0.6305666545966343,-0.8588988097887005,-0.4175072992643705
2022-08-15,-0.8594452427353904,-1.3765263756282178,1.7037806604134405
2022-08-16,-0.02687376349299003,-0.7222319698658519,0.08483119986719857
2022-08-17,1.699343595577088,0.18618590724002596,-0.9750462437019187
2022-08-18,0.06861967469978533,-0.6686221950122493,0.25160726131243016
2022-08-19,-0.8779018274704926,-0.20087336504430622,0.87579391511252
2022-08-20,0.3275199116763579,-0.3048893619684115,-1.0115154936023663
2022-08-21,-0.622825529479151,-1.7531873952356565,0.7764892750723664
2022-08-22,0.30654682360170754,-1.3379158900673385,0.6680907806414024
2022-08-23,2.1309847538427387,0.02581683308606117,-0.1768320404725898
2022-08-24,1.0574452447351579,-0.17055500344794997,-0.060691297307092974
2022-08-25,-0.20492063381167283,1.3793902715153759,0.44884367212873627
2022-08-26,-2.0318573275510685,-0.2472346278889014,-2.0588998151841102
2022-08-27,-0.5158859509565376,-2.979537481437984,0.5859854168562347
2022-08-28,-0.276779113226846,-1.1986095150742317,1.5732844607802643
2022-08-29,0.5417038407075734,-0.7845931810206674,-1.296912217880563
2022-08-30,-0.34600967469450045,0.07154622629014815,-0.27877045165769676
2022-08-31,-0.9300796518047392,-0.709950309090259,-0.4070512844879536
2022-09-01,-0.04820281099898266,-1.5187194457247828,0.2600115158224127
2022-09-02,0.48150077035973643,1.725866771828707,-0.1479883512029094
2022-09-03,0.9918857333117452,-0.9673375851508039,0.12919148389554516
2022-09-04,0.8409664050904583,1.1423309380440245,-0.7152962271345806
2022-09-05,-0.13584209817212434,0.4857541225309272,-1.012716065394607
2022-09-06,-0.505309548292328,-1.1748800008164737,-0.5573197083623151
2022-09-07,-0.48588434333699815,1.571884670930043,0.2058684241011709
2022-09-08,1.5192945344406206,-0.20984510693162253,0.46706357011776817
2022-09-09,-0.06134554515482046,-2.668565544856841,1.1870717816235072
2022-09-10,0.027514333461180165,-0.3074093553798824,1.535535936589936
2022-09-11,0.11665876424577595,0.05031104729302393,1.9536909349891136
2022-09-12,-0.11454539269101767,0.5808537486249596,-0.10687226648592764
2022-09-13,0.7805488856490302,0.7707705595467579,-1.0848466357401387
2022-09-14,1.3866246301384446,0.15583453847235906,0.9934019092915319
2022-09-15,0.2649476012253964,1.5921971797121504,-1.5925852298467962
2022-09-16,1.7873377436954,0.4938515923981481,-1.780883477430418
2022-09-17,-2.5761445400010747,-1.0245005726084686,0.41318040305515913
2022-09-18,-0.1778528292777936,1.342336595542574,0.04598760881092859
2022-09-19,-1.8205579380324028,-0.30516358414619377,2.912574444404215
2022-09-20,1.5455753567618213,-0.7265610776994823,0.7605961328706662
2022-09-21,-1.5620104985976384,-0.8070396390787734,-0.8690922690272185
2022-09-22,0.048240778331945296,-0.9086295211586015,-2.3344831316989136
2022-09-23,1.0142987587033547,0.21956085393698993,-0.24183363537826685
2022-09-24,-0.718991220260441,-0.4542263151720455,-0.286063102274802
2022-09-25,-1.5202406269267748,-0.44643486974034396,-1.3924279442166492
2022-09-26,0.4743566154780159,0.6930851994642592,-0.24669798048598734
